fecha,asesor,producto,valor_Base,cantidad,valor_comision
2026-06-01,John Pablo  Hernandez  Arevalo,ACETAMINOFEN 500 MG * 100 TAB,"9,000",12,"1,080"
2026-06-01,John Pablo  Hernandez  Arevalo,AGUA FARMANORTE * 600 ML,"2,600",5,130
2026-06-01,John Pablo  Hernandez  Arevalo,ALGINACID SUSP * 360 ML,"32,900",12,"3,948"
2026-06-01,John Pablo  Hernandez  Arevalo,AMLODIPINO 5 MG * 30 TAB,"25,200",11,"2,772"
2026-06-01,John Pablo  Hernandez  Arevalo,CEFLAXILIN 500 MG * 20 CAP,"31,000",12,"3,720"
2026-06-01,John Pablo  Hernandez  Arevalo,CEVIT NF CEREZA * 30 ML,"23,200",12,"2,784"
2026-06-01,John Pablo  Hernandez  Arevalo,DERMA 3 CREMA * 40 GR,"50,600",12,"6,072"
2026-06-01,John Pablo  Hernandez  Arevalo,EREX BEBIDA * 500 ML,"45,900",10,"4,590"
2026-06-01,John Pablo  Hernandez  Arevalo,EREX BEBIDA 20 ML * 20 S/S,"3,200",10,320
2026-06-01,John Pablo  Hernandez  Arevalo,ROCIBLUE 50 MG * 2 TAB,"20,800",10,"2,080"
2026-06-01,Cristhiam Adrian Botero Rojas,ACTIVIRAL 5% CREMA * 15 GR,"17,200",8,"1,376"
2026-06-01,Cristhiam Adrian Botero Rojas,AGUA FARMANORTE * 600 ML,"20,800",15,"1,040"
2026-06-01,Cristhiam Adrian Botero Rojas,ALVIRET 800 MG * 10 TAB,"24,000",10,"2,400"
2026-06-01,Cristhiam Adrian Botero Rojas,AMOXICILINA 250 MG * 100 ML,"10,700",10,"1,070"
2026-06-01,Cristhiam Adrian Botero Rojas,CLOTRIMAZOL CREMA TOPICA * 40 GR,"13,700",10,"1,370"
2026-06-01,Cristhiam Adrian Botero Rojas,DOLORSIN FEM * 40 CAP L-TR-CAPS,"27,600",24,"2,208"
2026-06-01,Cristhiam Adrian Botero Rojas,EREX BEBIDA 20 ML * 20 S/S,"6,400",10,640
2026-06-01,Cristhiam Adrian Botero Rojas,FLORAUSII  * 10 VIALES,"7,100",5,355
2026-06-01,Cristhiam Adrian Botero Rojas,FYBOFORT PSYLLIUM MICRONIZADO * 12 S/S,"3,700",10,370
2026-06-01,Cristhiam Adrian Botero Rojas,GOFEN FORTE 400 MG * 60 CAP,"14,000",10,"1,400"
2026-06-01,Cristhiam Adrian Botero Rojas,LOPERAMIDA 2 MG * 6 TAB,"7,600",10,760
2026-06-01,Cristhiam Adrian Botero Rojas,MIELTERTOS PASTILLAS MASTICABLES * 12 S/S,"2,800",10,280
2026-06-01,Cristhiam Adrian Botero Rojas,POSTDAY * 2 TAB,"38,000",20,"3,800"
2026-06-01,Cristhiam Adrian Botero Rojas,PRAZED 20 MG * 30 CAP L-CONSUM,"10,500",10,"1,050"
2026-06-01,Cristhiam Adrian Botero Rojas,TENSOFAR 100 MG * 30 TAB L-CONSUM,"24,000",10,"2,400"
2026-06-01,Esteban Sandoval,ACETAMINOFEN 500 MG * 100 TAB,"3,000",12,360
2026-06-01,Esteban Sandoval,AMPLIEX 500 MG * 100 CAP,"17,000",12,"2,040"
2026-06-01,Esteban Sandoval,BRONCOMIELITO TABLETAS MASTICABLES * 24 S/S,"5,200",10,520
2026-06-01,Esteban Sandoval,GLICERTOX NF JBE * 125 ML,"76,200",24,"9,144"
2026-06-01,Esteban Sandoval,MICOTOPIC CREMA * 40 GR  L-GINEC,"46,500",10,"4,650"
2026-06-01,Esteban Sandoval,MIELTERTOS PASTILLAS MASTICABLES * 12 S/S,"2,800",10,280
2026-06-01,Esteban Sandoval,VITAMINA C+B2+ZINC *20 TAB,"21,849",5,"1,092"
2026-06-02,John Pablo  Hernandez  Arevalo,ACETAMINOFEN 500 MG * 100 TAB,"6,000",24,720
2026-06-02,John Pablo  Hernandez  Arevalo,ACETAMINOFEN JBE * 90 ML,"27,000",10,"2,700"
2026-06-02,John Pablo  Hernandez  Arevalo,ADIFAR * 20 TAB,"23,000",10,"2,300"
2026-06-02,John Pablo  Hernandez  Arevalo,AGUA FARMANORTE * 600 ML,"2,600",5,130
2026-06-02,John Pablo  Hernandez  Arevalo,BIOPRONNABIS CANNABIS SATIVA BARRA LABIAL * 5 GR,"14,202",10,"1,420"
2026-06-02,John Pablo  Hernandez  Arevalo,CEFALEXINA 500 MG * 50 TAB,"13,000",10,"1,300"
2026-06-02,John Pablo  Hernandez  Arevalo,CEFLAXILIN 500 MG * 20 CAP,"31,000",12,"3,720"
2026-06-02,John Pablo  Hernandez  Arevalo,DICLOFENACO + HIDROXIDO ALUMINIO * 10 CAP,"22,600",5,"1,130"
2026-06-02,John Pablo  Hernandez  Arevalo,DICLOXACILINA 500 MG * 50 CAP,"11,000",10,"1,100"
2026-06-02,John Pablo  Hernandez  Arevalo,DOLORSIN FEM * 40 CAP L-TR-CAPS,"9,200",8,736
2026-06-02,John Pablo  Hernandez  Arevalo,EREX BEBIDA 20 ML * 20 S/S,"9,600",20,960
2026-06-02,John Pablo  Hernandez  Arevalo,FARMALAX 5 MG * 10 GRAG,"6,300",10,630
2026-06-02,John Pablo  Hernandez  Arevalo,HIDROPIEL CREMA 2% * 30 GR,"18,100",10,"1,810"
2026-06-02,John Pablo  Hernandez  Arevalo,LEVOTIROXINA 25 MG * 30 TAB,"19,200",10,"1,920"
2026-06-02,John Pablo  Hernandez  Arevalo,NORIFLAM 75MG/3ML * 6 AMP,"6,400",10,640
2026-06-02,John Pablo  Hernandez  Arevalo,NOVOXICAN 15 MG * 10 TAB,"18,500",10,"1,850"
2026-06-02,John Pablo  Hernandez  Arevalo,PRUEBA DE EMBARAZO DB LIFE LAPICERO * 1 UND,"11,900",5,595
2026-06-02,John Pablo  Hernandez  Arevalo,SIFEI 200 MG * 5 CAP,"47,300",10,"4,730"
2026-06-02,John Pablo  Hernandez  Arevalo,SUREZINC TRANSFER KIDS VAINILLA * 400 GR,"56,500",15,"8,475"
2026-06-02,John Pablo  Hernandez  Arevalo,VITAMINA C+B2+ZINC *20 TAB,"21,849",5,"1,092"
2026-06-02,John Pablo  Hernandez  Arevalo,VITAMINA E 1000 IU + SELENIUM * 60 SOFTGELS,"11,765",10,"1,176"
2026-06-02,Cristhiam Adrian Botero Rojas,AGUA FARMANORTE * 600 ML,"5,200",10,260
2026-06-02,Cristhiam Adrian Botero Rojas,AVALPRIC SUSP * 120 ML,"19,800",10,"1,980"
2026-06-02,Cristhiam Adrian Botero Rojas,CLINDABACT 2% CREMA VAGINAL * 20 GR,"46,500",10,"4,650"
2026-06-02,Cristhiam Adrian Botero Rojas,FYBOFORT PSYLLIUM MICRONIZADO * 12 S/S,"3,700",10,370
2026-06-02,Cristhiam Adrian Botero Rojas,MULTI - WOMEN * 100 TAB,"89,500",10,"8,950"
2026-06-02,Cristhiam Adrian Botero Rojas,NITAHELMIN 100MG/5ML * 30 ML,"29,900",10,"2,990"
2026-06-02,Cristhiam Adrian Botero Rojas,NITROFURANTOINA 100 MG * 40 CAP,"35,800",10,"3,580"
2026-06-02,Cristhiam Adrian Botero Rojas,OMEGA 3 PLUS * 50 CAP (OFERTA 2X1),"64,706",10,"6,471"
2026-06-02,Cristhiam Adrian Botero Rojas,QUETIAPINA 25 MG * 30 TAB,"16,700",10,"1,670"
2026-06-02,Cristhiam Adrian Botero Rojas,SUREZINC TRANSFER FACTOR PLUS * 30 S/S,"6,000",15,900
2026-06-02,Cristhiam Adrian Botero Rojas,SUREZINC TRANSFER VAINILLA * 400 GR,"56,500",15,"8,475"
2026-06-02,Cristhiam Adrian Botero Rojas,TIAMINA 300 MG * 50 CAP L-CONSUM,"8,000",10,800
2026-06-02,Cristhiam Adrian Botero Rojas,VITAMINA C+B2+ZINC *20 TAB,"21,849",5,"1,092"
2026-06-03,John Pablo  Hernandez  Arevalo,AGUA FARMANORTE * 600 ML,"7,800",15,390
2026-06-03,John Pablo  Hernandez  Arevalo,BRONCOMIELITO TABLETAS MASTICABLES * 24 S/S,"5,200",20,520
2026-06-03,John Pablo  Hernandez  Arevalo,CEFALEXINA 500 MG * 50 TAB,"13,000",10,"1,300"
2026-06-03,John Pablo  Hernandez  Arevalo,MELOXICAM 15 MG * 10 TAB,"16,200",10,"1,620"
2026-06-03,John Pablo  Hernandez  Arevalo,NORIFLAM 75MG/3ML * 6 AMP,"12,800",10,"1,280"
2026-06-03,John Pablo  Hernandez  Arevalo,OKAP 37.5/325MG * 10 CAP,"54,700",10,"5,470"
2026-06-03,John Pablo  Hernandez  Arevalo,PRUEBA DE EMBARAZO DB LIFE LAPICERO * 1 UND,"11,900",5,595
2026-06-03,John Pablo  Hernandez  Arevalo,ROCIBLUE 50 MG * 2 TAB,"20,800",10,"2,080"
2026-06-03,John Pablo  Hernandez  Arevalo,TRICLIMBAC SOLUCION OTICA * 10 ML,"19,200",12,"2,304"
2026-06-03,Cristhiam Adrian Botero Rojas,ACED FULL MENTA * 360 ML,"35,600",12,"4,272"
2026-06-03,Cristhiam Adrian Botero Rojas,AGUA FARMANORTE * 600 ML,"2,600",5,130
2026-06-03,Cristhiam Adrian Botero Rojas,ATROMIZIN 500 MG * 3 TAB,"24,900",10,"2,490"
2026-06-03,Cristhiam Adrian Botero Rojas,BACTRODERM ESPUMA * 60 ML,"14,000",10,"1,400"
2026-06-03,Cristhiam Adrian Botero Rojas,BACTRODERM SOLUCION * 60 ML,"11,000",10,"1,100"
2026-06-03,Cristhiam Adrian Botero Rojas,BINAFAR 200/500MG * 24 TAB,"32,000",24,"3,840"
2026-06-03,Cristhiam Adrian Botero Rojas,BRONCOMIELITO TABLETAS MASTICABLES * 24 S/S,"2,600",10,260
2026-06-03,Cristhiam Adrian Botero Rojas,EREX BEBIDA 20 ML * 20 S/S,"3,200",10,320
2026-06-03,Cristhiam Adrian Botero Rojas,FINACID REFLU S/AZUCAR * 360 ML,"43,500",10,"4,350"
2026-06-03,Cristhiam Adrian Botero Rojas,MELATONINA 3 MG * 120 SOFTGELS,"52,800",5,"2,640"
2026-06-03,Cristhiam Adrian Botero Rojas,MELOXICAM 15 MG * 10 TAB,"16,200",10,"1,620"
2026-06-03,Cristhiam Adrian Botero Rojas,NAPROXENO 250 MG * 10 TAB,"14,400",20,"1,440"
2026-06-03,Cristhiam Adrian Botero Rojas,OKAP FORTE 250/20MG * 10 CAP,"21,700",10,"2,170"
2026-06-03,Cristhiam Adrian Botero Rojas,PIEL RETARDANTE * 3 PRESERVATIVOS,"10,500",10,"1,050"
2026-06-03,Cristhiam Adrian Botero Rojas,POSTDAY * 2 TAB,"19,000",10,"1,900"
2026-06-03,Cristhiam Adrian Botero Rojas,PRUEBA DE EMBARAZO DB LIFE LAPICERO * 1 UND,"23,800",10,"1,190"
2026-06-04,Wilmer Armando  Durã¡N Malagon,HISLORT 10 MG * 10 TAB /D24/,"24,100",12,"2,892"
2026-06-04,John Pablo  Hernandez  Arevalo,ACETAMINOFEN JBE * 90 ML,"9,000",10,900
2026-06-04,John Pablo  Hernandez  Arevalo,AMOXICILINA 500 MG * 50 CAP,"9,000",10,900
2026-06-04,John Pablo  Hernandez  Arevalo,ASMIKET JBE * 120 ML,"19,500",12,"2,340"
2026-06-04,John Pablo  Hernandez  Arevalo,BRONCOMIELITO TABLETAS MASTICABLES * 24 S/S,"2,600",10,260
2026-06-04,John Pablo  Hernandez  Arevalo,CEFLAXILIN 500 MG * 20 CAP,"61,700",12,"7,404"
2026-06-04,John Pablo  Hernandez  Arevalo,CRONOFEN L JBE * 100 ML  L-RESPI-RIN,"18,500",10,"1,850"
2026-06-04,John Pablo  Hernandez  Arevalo,DIOSMIT 3 GR * 6 S/S,"45,000",8,"3,600"
2026-06-04,John Pablo  Hernandez  Arevalo,HEDERA HELIX + PROPOLEO JBE * 100 ML,"25,100",10,"2,510"
2026-06-04,John Pablo  Hernandez  Arevalo,LOPERAMIDA 2 MG * 6 TAB,"15,200",20,"1,520"
2026-06-04,John Pablo  Hernandez  Arevalo,LORDINEX 10 MG * 10 TAB L-CONSUM,"8,900",8,712
2026-06-04,John Pablo  Hernandez  Arevalo,NAPROXENO 500 MG * 10 TAB,"30,000",20,"3,000"
2026-06-04,John Pablo  Hernandez  Arevalo,NORIFLAM 75MG/3ML * 6 AMP,"6,400",10,640
2026-06-04,John Pablo  Hernandez  Arevalo,OKAP FORTE 250/20MG * 10 CAP,"11,000",10,"1,100"
2026-06-04,John Pablo  Hernandez  Arevalo,VITAMINA C + ZINC NARANJA * 100 TAB,"5,882",10,588
2026-06-04,Cristhiam Adrian Botero Rojas,ACED FULL MENTA * 360 ML,"35,600",12,"4,272"
2026-06-04,Cristhiam Adrian Botero Rojas,ACETAMINOFEN 500 MG * 100 TAB,"9,000",24,"1,080"
2026-06-04,Cristhiam Adrian Botero Rojas,ACETAMINOFEN JBE * 90 ML,"9,000",10,900
2026-06-04,Cristhiam Adrian Botero Rojas,ADIFAR * 20 TAB,"23,000",10,"2,300"
2026-06-04,Cristhiam Adrian Botero Rojas,AGUA FARMANORTE * 600 ML,"15,600",10,780
2026-06-04,Cristhiam Adrian Botero Rojas,AZITROMICINA 500 MG * 3 TAB,"18,500",12,"2,220"
2026-06-04,Cristhiam Adrian Botero Rojas,CLORFENIRAMINA JBE * 120 ML,"8,300",10,830
2026-06-04,Cristhiam Adrian Botero Rojas,IBUPROFENO 800 MG * 50 TAB,"5,000",10,500
2026-06-04,Cristhiam Adrian Botero Rojas,OMEGA 3 PLUS * 50 CAP (OFERTA 2X1),"64,706",10,"6,471"
2026-06-04,Cristhiam Adrian Botero Rojas,OXIMETAZOLINA 0.05% NASAL ADULTOS * 15 ML,"18,300",11,"2,013"
2026-06-04,Cristhiam Adrian Botero Rojas,PASEDOL 50 MG * 12 TAB,"4,800",10,480
2026-06-04,Cristhiam Adrian Botero Rojas,RESVERATROL POLVO SABOR UVA * 500 GR,"59,900",10,"5,990"
2026-06-04,Cristhiam Adrian Botero Rojas,VITAMINA C+B2+ZINC *20 TAB,"21,849",5,"1,092"
2026-06-04,Cristhiam Adrian Botero Rojas,VYASIL 50 MG * 2 TAB,"19,900",10,"1,990"
2026-06-05,John Pablo  Hernandez  Arevalo,BIOCOTRYL 1% CREMA TOPICA * 40 GR,"19,900",10,"1,990"
2026-06-05,John Pablo  Hernandez  Arevalo,CLINBAC 300 MG * 24 CAP,"24,000",12,"2,880"
2026-06-05,John Pablo  Hernandez  Arevalo,DOSALDIN * 20 TAB,"16,000",12,"1,920"
2026-06-05,John Pablo  Hernandez  Arevalo,GOFEN FORTE 400 MG * 60 CAP,"14,000",10,"1,400"
2026-06-05,John Pablo  Hernandez  Arevalo,MIELTERTOS GRIPA NOCHE PANELA LIMON * 24 S/S,"5,400",20,540
2026-06-05,John Pablo  Hernandez  Arevalo,PROCATEC 500 MG * 10 TAB,"18,000",10,"1,800"
2026-06-05,John Pablo  Hernandez  Arevalo,ZIRIN 10 MG * 50 CAP,"17,000",10,"1,700"
2026-06-05,Cristhiam Adrian Botero Rojas,ACETAMINOFEN 500 MG * 100 TAB,"3,000",12,360
2026-06-05,Cristhiam Adrian Botero Rojas,AGUA FARMANORTE * 600 ML,"2,600",5,130
2026-06-05,Cristhiam Adrian Botero Rojas,AMOXICILINA 500 MG * 50 CAP,"9,000",10,900
2026-06-05,Cristhiam Adrian Botero Rojas,AMPLIEX 250 MG * 60 ML,"24,800",12,"2,976"
2026-06-05,Cristhiam Adrian Botero Rojas,BRONCOMIELITO TABLETAS MASTICABLES * 24 S/S,"7,800",20,780
2026-06-05,Cristhiam Adrian Botero Rojas,CONGESTEX * 10 CAP,"17,500",10,"1,750"
2026-06-05,Cristhiam Adrian Botero Rojas,DICLOFENACO 25 MG + TRAMADOL 25 MG * 20 TAB,"61,900",8,"4,952"
2026-06-05,Cristhiam Adrian Botero Rojas,EREX BEBIDA * 500 ML,"45,900",10,"4,590"
2026-06-05,Cristhiam Adrian Botero Rojas,FYBOFORT PSYLLIUM MICRONIZADO * 12 S/S,"3,700",10,370
2026-06-05,Cristhiam Adrian Botero Rojas,GRIPAC 4 * 10 CAP,"21,900",10,"2,190"
2026-06-05,Cristhiam Adrian Botero Rojas,GRIPAC 4 * 100 CAP,"10,500",12,"1,260"
2026-06-05,Cristhiam Adrian Botero Rojas,NAPROXENO 500 MG * 10 TAB,"30,000",20,"3,000"
2026-06-05,Cristhiam Adrian Botero Rojas,NITROFURANTOINA 100 MG * 40 CAP,"9,000",10,900
2026-06-05,Cristhiam Adrian Botero Rojas,OXIMETAZOLINA 0.05% NASAL ADULTOS * 15 ML,"18,300",11,"2,013"
2026-06-05,Cristhiam Adrian Botero Rojas,PIEL RETARDANTE * 3 PRESERVATIVOS,"10,500",10,"1,050"
2026-06-05,Cristhiam Adrian Botero Rojas,PIEL SABORES * 3 PRESERVATIVOS,"21,000",20,"2,100"
2026-06-05,Cristhiam Adrian Botero Rojas,POSTDAY * 2 TAB,"19,000",10,"1,900"
2026-06-05,Cristhiam Adrian Botero Rojas,SUREZINC TRANSFER FACTOR PLUS * 30 S/S,"12,000",15,"1,800"
2026-06-05,Cristhiam Adrian Botero Rojas,TUDERMIFAR 0.05% * 40 GR,"24,000",12,"2,880"
2026-06-05,Cristhiam Adrian Botero Rojas,VIGA SEX GEL LUBRICANTE INTIMO * 100 GR,"30,756",10,"3,076"
2026-06-05,Cristhiam Adrian Botero Rojas,VITAMINA C + ZINC TUTI FRUTI * 100 TAB,"11,765",10,"1,176"
2026-06-05,Cristhiam Adrian Botero Rojas,ZERIDIL JBE * 60 ML,"18,600",12,"2,232"
2026-06-06,John Pablo  Hernandez  Arevalo,AGUA FARMANORTE * 600 ML,"5,200",10,260
2026-06-06,John Pablo  Hernandez  Arevalo,CEFALEXINA 500 MG * 50 TAB,"13,000",10,"1,300"
2026-06-06,John Pablo  Hernandez  Arevalo,COLESPAS 10 MG * 30 TAB,"39,600",12,"4,752"
2026-06-06,John Pablo  Hernandez  Arevalo,DOLORSIN FEM * 40 CAP L-TR-CAPS,"18,400",16,"1,472"
2026-06-06,John Pablo  Hernandez  Arevalo,EREX BEBIDA 20 ML * 20 S/S,"3,200",10,320
2026-06-06,John Pablo  Hernandez  Arevalo,GENTAMICINA OFTALMICO * 6 ML,"10,500",8,840
2026-06-06,John Pablo  Hernandez  Arevalo,MEGA VIT ADVANCE * 2 TAB,"12,000",15,"1,800"
2026-06-06,John Pablo  Hernandez  Arevalo,PIEL SENSITIVO * 3 PRESERVATIVOS,"10,500",10,"1,050"
2026-06-06,Cristhiam Adrian Botero Rojas,ACETAMINOFEN 500 MG * 100 TAB,"3,000",12,360
2026-06-06,Cristhiam Adrian Botero Rojas,ADIFAR * 20 TAB,"23,000",10,"2,300"
2026-06-06,Cristhiam Adrian Botero Rojas,AMOXICILINA 500 MG * 50 CAP,"9,000",10,900
2026-06-06,Cristhiam Adrian Botero Rojas,EREX BEBIDA 20 ML * 20 S/S,"6,400",10,640
2026-06-06,Cristhiam Adrian Botero Rojas,IBUPROFENO 800 MG * 50 TAB,"5,000",10,500
2026-06-06,Cristhiam Adrian Botero Rojas,OKAP FORTE 250/20MG * 10 CAP,"21,700",10,"2,170"
2026-06-06,Cristhiam Adrian Botero Rojas,PIEL INTENSE * 3 PRESERVATIVOS,"10,500",10,"1,050"
2026-06-06,Cristhiam Adrian Botero Rojas,PIEL RETARDANTE * 3 PRESERVATIVOS,"10,500",10,"1,050"
2026-06-06,Cristhiam Adrian Botero Rojas,RANIMED PLUS * 24 S/S /D19/,"5,800",10,580
2026-06-06,Cristhiam Adrian Botero Rojas,TENSOFAR 50 MG * 30 TAB L-CONSUM,"38,600",10,"3,860"
2026-06-07,John Pablo  Hernandez  Arevalo,ACETAMINOFEN 500 MG * 100 TAB,"6,000",12,720
2026-06-07,John Pablo  Hernandez  Arevalo,AGUA FARMANORTE * 600 ML,"2,600",5,130
2026-06-07,John Pablo  Hernandez  Arevalo,AMPLIEX 500 MG * 100 CAP,"17,000",12,"2,040"
2026-06-07,John Pablo  Hernandez  Arevalo,BINAFAR 200/500MG * 24 TAB,"16,000",12,"1,920"
2026-06-07,John Pablo  Hernandez  Arevalo,CLINBAC 300 MG * 24 CAP,"24,000",12,"2,880"
2026-06-07,John Pablo  Hernandez  Arevalo,CRONOFEN L JBE * 100 ML  L-RESPI-RIN,"18,500",10,"1,850"
2026-06-07,John Pablo  Hernandez  Arevalo,DOLORSIN FEM * 40 CAP L-TR-CAPS,"18,400",16,"1,472"
2026-06-07,John Pablo  Hernandez  Arevalo,EREX BEBIDA 20 ML * 20 S/S,"3,200",10,320
2026-06-07,John Pablo  Hernandez  Arevalo,LOPERAMIDA 2 MG * 6 TAB,"7,600",10,760
2026-06-07,John Pablo  Hernandez  Arevalo,LOSARTAN E CARDIO 50 MG * 300 TAB,"53,700",10,"5,370"
2026-06-07,John Pablo  Hernandez  Arevalo,PIEL SENSITIVO * 3 PRESERVATIVOS,"10,500",10,"1,050"
2026-06-07,John Pablo  Hernandez  Arevalo,POSTDAY * 2 TAB,"38,000",20,"3,800"
2026-06-07,John Pablo  Hernandez  Arevalo,PRAZED 20 MG * 30 CAP L-CONSUM,"10,500",10,"1,050"
2026-06-07,John Pablo  Hernandez  Arevalo,SUREZINC TRANSFER FACTOR PLUS * 30 S/S,"9,000",15,"1,350"
2026-06-07,John Pablo  Hernandez  Arevalo,VYASIL 50 MG * 2 TAB,"19,900",10,"1,990"
2026-06-07,Cristhiam Adrian Botero Rojas,AMOXICILINA 500 MG * 50 CAP,"18,000",10,"1,800"
2026-06-07,Cristhiam Adrian Botero Rojas,COLESPAS 10 MG * 30 TAB,"14,000",12,"1,680"
2026-06-07,Cristhiam Adrian Botero Rojas,DICLOFENACO 75 MG / 3 ML * 10 AMP,"3,600",10,360
2026-06-07,Cristhiam Adrian Botero Rojas,DICLOFENACO R 100 MG * 20 CAP,"8,000",8,640
2026-06-08,John Pablo  Hernandez  Arevalo,AGUA FARMANORTE * 600 ML,"5,200",10,260
2026-06-08,John Pablo  Hernandez  Arevalo,AMOXICILINA 500 MG * 50 CAP,"9,000",10,900
2026-06-08,John Pablo  Hernandez  Arevalo,AMPLIEX 500 MG * 100 CAP,"17,000",12,"2,040"
2026-06-08,John Pablo  Hernandez  Arevalo,AVARIN * 10 CAP,"51,000",10,"5,100"
2026-06-08,John Pablo  Hernandez  Arevalo,AZITROMICINA 500 MG * 3 TAB,"37,000",12,"4,440"
2026-06-08,John Pablo  Hernandez  Arevalo,BIOPRONNABIS CANNABIS SATIVA BARRA LABIAL * 5 GR,"14,202",10,"1,420"
2026-06-08,John Pablo  Hernandez  Arevalo,BRONCOMIELITO TABLETAS MASTICABLES * 24 S/S,"2,600",10,260
2026-06-08,John Pablo  Hernandez  Arevalo,CEFLAXILIN 500 MG * 20 CAP,"31,000",12,"3,720"
2026-06-08,John Pablo  Hernandez  Arevalo,CLOBENT 0.05 % CREMA * 40 GR,"32,300",10,"3,230"
2026-06-08,John Pablo  Hernandez  Arevalo,CLOMAZOL 1 % CREMA * 40 GR,"30,300",12,"3,636"
2026-06-08,John Pablo  Hernandez  Arevalo,CONGESTEX G KIDS * 90 ML L-TR-CAP,"25,200",5,"1,260"
2026-06-08,John Pablo  Hernandez  Arevalo,COPROBIOTIC + PREBIOTICOS + PROBIOTICOS * 20 S/S,"4,500",10,450
2026-06-08,John Pablo  Hernandez  Arevalo,DICLOXACILINA 500 MG * 50 CAP,"11,000",10,"1,100"
2026-06-08,John Pablo  Hernandez  Arevalo,DOLORSIN FEM * 40 CAP L-TR-CAPS,"9,200",8,736
2026-06-08,John Pablo  Hernandez  Arevalo,GOFEN FORTE 400 MG * 60 CAP,"28,000",20,"2,800"
2026-06-08,John Pablo  Hernandez  Arevalo,GRIPAC 4 * 100 CAP,"21,000",12,"2,520"
2026-06-08,John Pablo  Hernandez  Arevalo,IBUPROFENO 800 MG * 50 TAB,"15,000",30,"1,500"
2026-06-08,John Pablo  Hernandez  Arevalo,LEVOTIROXINA 75 MG * 30 TAB,"45,600",10,"4,560"
2026-06-08,John Pablo  Hernandez  Arevalo,MICOTOPIC CREMA * 40 GR  L-GINEC,"46,500",10,"4,650"
2026-06-08,John Pablo  Hernandez  Arevalo,NAPROXENO 550 MG * 10 TAB,"16,000",8,"1,280"
2026-06-08,John Pablo  Hernandez  Arevalo,OKAP FORTE 250/20MG * 10 CAP,"21,700",10,"2,170"
2026-06-08,John Pablo  Hernandez  Arevalo,POSTDAY * 2 TAB,"38,000",20,"3,800"
2026-06-08,John Pablo  Hernandez  Arevalo,PROCATEC 500 MG * 10 TAB,"18,000",10,"1,800"
2026-06-08,John Pablo  Hernandez  Arevalo,PRUEBA DE EMBARAZO DB LIFE LAPICERO * 1 UND,"11,900",5,595
2026-06-08,John Pablo  Hernandez  Arevalo,VITAMINA C + ZINC NARANJA * 100 TAB,"5,882",10,588
2026-06-08,John Pablo  Hernandez  Arevalo,VITAMINA C+B2+ZINC *20 TAB,"21,849",5,"1,092"
2026-06-08,Jefferson Andres Castrillon  Piã±Uela,DOSALDIN * 20 TAB,"16,000",12,"1,920"
2026-06-08,Jefferson Andres Castrillon  Piã±Uela,PROCATEC 500 MG * 10 TAB,"18,000",10,"1,800"
2026-06-08,Jefferson Andres Castrillon  Piã±Uela,PRUEBA DE EMBARAZO DB LIFE LAPICERO * 1 UND,"11,900",5,595
2026-06-09,John Pablo  Hernandez  Arevalo,BRONCOMIELITO TABLETAS MASTICABLES * 24 S/S,"5,200",20,520
2026-06-09,John Pablo  Hernandez  Arevalo,CLOTRIMAZOL CREMA TOPICA * 40 GR,"13,700",10,"1,370"
2026-06-09,John Pablo  Hernandez  Arevalo,EREX BEBIDA 20 ML * 20 S/S,"6,400",10,640
2026-06-09,John Pablo  Hernandez  Arevalo,MELOXICAM 15 MG * 10 TAB,"16,200",10,"1,620"
2026-06-09,John Pablo  Hernandez  Arevalo,NAPROXENO 500 MG * 10 TAB,"15,000",10,"1,500"
2026-06-09,John Pablo  Hernandez  Arevalo,PASEDOL 50 MG * 12 TAB,"14,200",10,"1,420"
2026-06-09,John Pablo  Hernandez  Arevalo,PIEL RESISTENTE * 3 PRESERVATIVOS,"10,500",10,"1,050"
2026-06-09,John Pablo  Hernandez  Arevalo,RANIMED PLUS * 24 S/S /D19/,"2,900",10,290
2026-06-09,Cristhiam Adrian Botero Rojas,BACTRODERM ESPUMA * 60 ML,"14,000",10,"1,400"
2026-06-09,Cristhiam Adrian Botero Rojas,CLINDABACT 100/100MG * 3 OVULOS,"37,500",12,"4,500"
2026-06-09,Cristhiam Adrian Botero Rojas,MELOXICAM 15 MG * 10 TAB,"16,200",10,"1,620"
2026-06-09,Jefferson Andres Castrillon  Piã±Uela,AGUA FARMANORTE * 600 ML,"7,800",15,390
2026-06-09,Jefferson Andres Castrillon  Piã±Uela,AGUA OXIGENADA * 120 ML,"6,500",5,325
2026-06-09,Jefferson Andres Castrillon  Piã±Uela,ALVIRET 800 MG * 10 TAB,"24,000",10,"2,400"
2026-06-09,Jefferson Andres Castrillon  Piã±Uela,AMOXICILINA 500 MG * 50 CAP,"9,000",10,900
2026-06-09,Jefferson Andres Castrillon  Piã±Uela,ARTHILESS 1% GEL TOPICO * 50 GR /D24/,"34,400",12,"4,128"
2026-06-09,Jefferson Andres Castrillon  Piã±Uela,AZITROMICINA 500 MG * 3 TAB,"18,500",12,"2,220"
2026-06-09,Jefferson Andres Castrillon  Piã±Uela,BACTISOL * 10 TAB,"23,500",12,"2,820"
2026-06-09,Jefferson Andres Castrillon  Piã±Uela,DICLOFENACO + HIDROXIDO ALUMINIO * 10 CAP,"22,600",5,"1,130"
2026-06-09,Jefferson Andres Castrillon  Piã±Uela,DOSALDIN * 20 TAB,"32,000",24,"3,840"
2026-06-09,Jefferson Andres Castrillon  Piã±Uela,GRIPAC 4 * 100 CAP,"10,500",12,"1,260"
2026-06-09,Jefferson Andres Castrillon  Piã±Uela,IBUPROFENO 800 MG * 50 TAB,"5,000",10,500
2026-06-09,Jefferson Andres Castrillon  Piã±Uela,LEVOTIROXINA 25 MG * 30 TAB,"19,200",10,"1,920"
2026-06-09,Jefferson Andres Castrillon  Piã±Uela,LOSARTAN E CARDIO 50 MG * 300 TAB,"3,000",10,300
2026-06-09,Jefferson Andres Castrillon  Piã±Uela,MELOXICAM 15 MG * 10 TAB,"16,200",10,"1,620"
2026-06-09,Jefferson Andres Castrillon  Piã±Uela,MIELTERTOS GRIPA NOCHE PANELA LIMON * 24 S/S,"5,400",20,540
2026-06-09,Jefferson Andres Castrillon  Piã±Uela,MIELTERTOS PASTILLAS MASTICABLES * 12 S/S,"11,200",20,"1,120"
2026-06-09,Jefferson Andres Castrillon  Piã±Uela,POSTDAY * 2 TAB,"19,000",10,"1,900"
2026-06-09,Jefferson Andres Castrillon  Piã±Uela,PRUEBA DE EMBARAZO DB LIFE LAPICERO * 1 UND,"11,900",5,595
2026-06-09,Jefferson Andres Castrillon  Piã±Uela,RANIMED PLUS * 24 S/S /D19/,"8,700",30,870
2026-06-09,Jefferson Andres Castrillon  Piã±Uela,VITAMINA C + ZINC MANDARINA * 100 TAB,"5,882",15,882
2026-06-10,John Pablo  Hernandez  Arevalo,ACETAMINOFEN 500 MG * 100 TAB,"18,000",60,"2,160"
2026-06-10,John Pablo  Hernandez  Arevalo,AGUA FARMANORTE * 600 ML,"2,600",5,130
2026-06-10,John Pablo  Hernandez  Arevalo,AMOXICILINA 500 MG * 50 CAP,"18,000",20,"1,800"
2026-06-10,John Pablo  Hernandez  Arevalo,CONGESTEX * 10 CAP,"9,000",10,900
2026-06-10,John Pablo  Hernandez  Arevalo,CRONOFEN L JBE * 100 ML  L-RESPI-RIN,"18,500",10,"1,850"
2026-06-10,John Pablo  Hernandez  Arevalo,EREX BEBIDA 20 ML * 20 S/S,"3,200",10,320
2026-06-10,John Pablo  Hernandez  Arevalo,HEDERA HELIX + PROPOLEO JBE * 100 ML,"25,100",10,"2,510"
2026-06-10,John Pablo  Hernandez  Arevalo,MEDIZOL 500 MG * 2 OVULOS,"38,400",12,"4,608"
2026-06-10,John Pablo  Hernandez  Arevalo,MELOXICAM 15 MG * 10 TAB,"16,200",10,"1,620"
2026-06-10,John Pablo  Hernandez  Arevalo,POSTDAY * 2 TAB,"19,000",10,"1,900"
2026-06-10,John Pablo  Hernandez  Arevalo,PROCATEC 500 MG * 10 TAB,"18,000",10,"1,800"
2026-06-10,John Pablo  Hernandez  Arevalo,SILDENAFIL 50 MG * 2 TAB,"8,400",10,840
2026-06-10,John Pablo  Hernandez  Arevalo,SPLASH TEARS LAGRIMAS ARTIFICIALES * 15 ML,"32,100",10,"3,210"
2026-06-10,Cristhiam Adrian Botero Rojas,ACETAMINOFEN 500 MG * 100 TAB,"3,000",12,360
2026-06-10,Cristhiam Adrian Botero Rojas,AMOXICILINA 500 MG * 50 CAP,"18,000",20,"1,800"
2026-06-10,Cristhiam Adrian Botero Rojas,CETIRIZINA 10 MG * 10 TAB,"8,000",10,800
2026-06-10,Cristhiam Adrian Botero Rojas,CONGESTEX * 10 CAP,"17,500",10,"1,750"
2026-06-10,Cristhiam Adrian Botero Rojas,DOLORSIN FEM * 40 CAP L-TR-CAPS,"9,200",8,736
2026-06-10,Cristhiam Adrian Botero Rojas,EREX BEBIDA 20 ML * 20 S/S,"3,200",10,320
2026-06-10,Cristhiam Adrian Botero Rojas,FUNGISTEROL 200 MG * 10 TAB,"9,400",12,"1,128"
2026-06-10,Cristhiam Adrian Botero Rojas,IBUPROFENO 800 MG * 50 TAB,"10,000",20,"1,000"
2026-06-10,Cristhiam Adrian Botero Rojas,MELOXICAM 15 MG * 10 TAB,"16,200",10,"1,620"
2026-06-10,Cristhiam Adrian Botero Rojas,OKAP FORTE 250/20MG * 10 CAP,"21,700",10,"2,170"
2026-06-10,Cristhiam Adrian Botero Rojas,PIEL RETARDANTE * 3 PRESERVATIVOS,"10,500",10,"1,050"
2026-06-10,Cristhiam Adrian Botero Rojas,RANIMED PLUS * 24 S/S /D19/,"2,900",10,290
2026-06-11,John Pablo  Hernandez  Arevalo,CEVIT NF CEREZA * 30 ML,"23,200",12,"2,784"
2026-06-11,John Pablo  Hernandez  Arevalo,DOLORSIN FEM * 40 CAP L-TR-CAPS,"9,200",8,736
2026-06-11,John Pablo  Hernandez  Arevalo,LORATADINA 10 MG * 20 TAB,"5,000",10,500
2026-06-11,John Pablo  Hernandez  Arevalo,MENTOFRIX RUB UNG LATA * 12 GR,"5,546",10,555
2026-06-11,John Pablo  Hernandez  Arevalo,PIEL RETARDANTE * 3 PRESERVATIVOS,"10,500",10,"1,050"
2026-06-11,John Pablo  Hernandez  Arevalo,POSTDAY * 2 TAB,"19,000",10,"1,900"
2026-06-11,John Pablo  Hernandez  Arevalo,PRUEBA DE EMBARAZO DB LIFE LAPICERO * 1 UND,"11,900",5,595
2026-06-11,John Pablo  Hernandez  Arevalo,VITAMINA C+B2+ZINC *20 TAB,"21,849",5,"1,092"
2026-06-11,Cristhiam Adrian Botero Rojas,BRONCOCHEM NF PED * 120 ML,"30,200",5,"1,510"
2026-06-11,Cristhiam Adrian Botero Rojas,CRONOFEN 500 MG * 100 TB L-TR-CAPS,"8,000",10,800
2026-06-11,Cristhiam Adrian Botero Rojas,VYASIL 50 MG * 2 TAB,"19,900",10,"1,990"
2026-06-12,John Pablo  Hernandez  Arevalo,AGUA FARMANORTE * 600 ML,"2,600",5,130
2026-06-12,John Pablo  Hernandez  Arevalo,MELOXICAM 15 MG * 10 TAB,"16,200",10,"1,620"
2026-06-12,John Pablo  Hernandez  Arevalo,PRUEBA DE EMBARAZO DB LIFE LAPICERO * 1 UND,"11,900",5,595
2026-06-12,John Pablo  Hernandez  Arevalo,REPELENTE TRIDEX FAMILY SPRAY * 120 ML /D15/,"21,300",10,"2,130"
2026-06-12,John Pablo  Hernandez  Arevalo,VITAMINA C+B2+ZINC *20 TAB,"21,849",5,"1,092"
2026-06-12,Cristhiam Adrian Botero Rojas,AGUA FARMANORTE * 600 ML,"10,400",20,520
2026-06-12,Cristhiam Adrian Botero Rojas,AMOXICILINA 500 MG * 50 CAP,"9,000",10,900
2026-06-12,Cristhiam Adrian Botero Rojas,AZITROMICINA 500 MG * 3 TAB,"18,500",12,"2,220"
2026-06-12,Cristhiam Adrian Botero Rojas,CLOMAZOL 1 % CREMA * 40 GR,"30,300",12,"3,636"
2026-06-12,Cristhiam Adrian Botero Rojas,CRONOFEN 500 MG * 100 TB L-TR-CAPS,"4,000",10,400
2026-06-12,Cristhiam Adrian Botero Rojas,DICLOFENACO R 100 MG * 20 CAP,"8,000",8,640
2026-06-12,Cristhiam Adrian Botero Rojas,GALEZOL 500 MG * 6 TAB,"38,800",10,"3,880"
2026-06-12,Cristhiam Adrian Botero Rojas,HIDROXFAR 0.25 % * 120 ML /D24/,"36,900",12,"4,428"
2026-06-12,Cristhiam Adrian Botero Rojas,NITROFURANTOINA 100 MG * 40 CAP,"35,800",10,"3,580"
2026-06-12,Cristhiam Adrian Botero Rojas,PIEL SABORES * 3 PRESERVATIVOS,"10,500",10,"1,050"
2026-06-12,Cristhiam Adrian Botero Rojas,PIEL SENSITIVO * 3 PRESERVATIVOS,"10,500",10,"1,050"
2026-06-12,Cristhiam Adrian Botero Rojas,VITAMINA C + ZINC NARANJA * 100 TAB,"5,882",10,588
2026-06-12,Cristhiam Adrian Botero Rojas,VYASIL 50 MG * 2 TAB,"19,900",10,"1,990"
2026-06-13,John Pablo  Hernandez  Arevalo,ACETAMINOFEN 500 MG * 100 TAB,"12,000",48,"1,440"
2026-06-13,John Pablo  Hernandez  Arevalo,AGUA FARMANORTE * 600 ML,"10,400",20,520
2026-06-13,John Pablo  Hernandez  Arevalo,AMOXICILINA 500 MG * 50 CAP,"9,000",10,900
2026-06-13,John Pablo  Hernandez  Arevalo,BACTISOL * 10 TAB,"23,500",12,"2,820"
2026-06-13,John Pablo  Hernandez  Arevalo,CLORFENIRAMINA JBE * 120 ML,"8,300",10,830
2026-06-13,John Pablo  Hernandez  Arevalo,DIOSMIT 3 GR * 6 S/S,"7,600",8,608
2026-06-13,John Pablo  Hernandez  Arevalo,DOLORSIN FEM * 40 CAP L-TR-CAPS,"9,200",8,736
2026-06-13,John Pablo  Hernandez  Arevalo,EREX BEBIDA 20 ML * 20 S/S,"6,400",20,640
2026-06-13,John Pablo  Hernandez  Arevalo,FUNGISTEROL SHAMPOO * 200 ML,"39,600",12,"4,752"
2026-06-13,John Pablo  Hernandez  Arevalo,IBUPROFENO 800 MG * 50 TAB,"5,000",10,500
2026-06-13,John Pablo  Hernandez  Arevalo,IRBESARTAN 150 MG * 30 TAB,"19,500",10,"1,950"
2026-06-13,John Pablo  Hernandez  Arevalo,MENTOFRIX RUB UNG LATA * 12 GR,"5,546",10,555
2026-06-13,John Pablo  Hernandez  Arevalo,MICOTRAZOL 100 MG * 4 CAP,"31,100",12,"3,732"
2026-06-13,John Pablo  Hernandez  Arevalo,MIELTERTOS PASTILLAS MASTICABLES * 12 S/S,"2,800",10,280
2026-06-13,John Pablo  Hernandez  Arevalo,NAPROXENO 500 MG * 10 TAB,"15,000",10,"1,500"
2026-06-13,John Pablo  Hernandez  Arevalo,NAZIL OFTENO * 15 ML,"22,200",10,"2,220"
2026-06-13,John Pablo  Hernandez  Arevalo,NOVOXICAN 15 MG * 10 TAB,"18,500",10,"1,850"
2026-06-13,John Pablo  Hernandez  Arevalo,PRUEBA DE EMBARAZO DB LIFE LAPICERO * 1 UND,"11,900",5,595
2026-06-13,Cristhiam Adrian Botero Rojas,AMPLIEX 500 MG * 100 CAP,"17,000",12,"2,040"
2026-06-13,Cristhiam Adrian Botero Rojas,BRONCOMIELITO TABLETAS MASTICABLES * 24 S/S,"5,200",10,520
2026-06-13,Cristhiam Adrian Botero Rojas,CEFLAXILIN 500 MG * 20 CAP,"31,000",12,"3,720"
2026-06-13,Cristhiam Adrian Botero Rojas,CLINDABACT 100/100MG * 3 OVULOS,"37,500",12,"4,500"
2026-06-13,Cristhiam Adrian Botero Rojas,EREX BEBIDA 20 ML * 20 S/S,"3,200",10,320
2026-06-13,Cristhiam Adrian Botero Rojas,NAPROXENO 250 MG * 10 TAB,"7,200",10,720
2026-06-13,Cristhiam Adrian Botero Rojas,NAPROXENO 500 MG * 10 TAB,"15,000",10,"1,500"
2026-06-13,Jefferson Andres Castrillon  Piã±Uela,AZITROMICINA 500 MG * 3 TAB,"37,000",12,"4,440"
2026-06-13,Jefferson Andres Castrillon  Piã±Uela,BETAMETASONA CREMA 0.1% * 20 GR,"17,800",10,"1,780"
2026-06-13,Jefferson Andres Castrillon  Piã±Uela,VITAMINA C+B2+ZINC *20 TAB,"21,849",5,"1,092"
2026-06-14,Cristhiam Adrian Botero Rojas,AGUA FARMANORTE * 600 ML,"10,400",20,520
2026-06-14,Cristhiam Adrian Botero Rojas,AMPLIEX 500 MG * 100 CAP,"17,000",12,"2,040"
2026-06-14,Cristhiam Adrian Botero Rojas,BETAMETASONA CREMA 0.5% * 20 GR,"13,300",10,"1,330"
2026-06-14,Cristhiam Adrian Botero Rojas,BILSYL 240 MG * 20 CAP,"30,000",8,"2,400"
2026-06-14,Cristhiam Adrian Botero Rojas,BINAFAR 200/500MG * 24 TAB,"16,000",12,"1,920"
2026-06-14,Cristhiam Adrian Botero Rojas,FUNGISTEROL SHAMPOO * 200 ML,"39,600",12,"4,752"
2026-06-14,Cristhiam Adrian Botero Rojas,GRIPAC 4 * 100 CAP,"10,500",12,"1,260"
2026-06-14,Cristhiam Adrian Botero Rojas,HIDROXFAR 0.25 % * 120 ML /D24/,"36,900",12,"4,428"
2026-06-14,Cristhiam Adrian Botero Rojas,NORIFLAM 75MG/3ML * 6 AMP,"6,400",10,640
2026-06-14,Cristhiam Adrian Botero Rojas,NOVOXICAN 15 MG * 10 TAB,"18,500",10,"1,850"
2026-06-14,Cristhiam Adrian Botero Rojas,PIEL EXCITANTE * 3 PRESERVATIVOS,"10,500",10,"1,050"
2026-06-14,Cristhiam Adrian Botero Rojas,ROCIBLUE 50 MG * 2 TAB,"20,800",10,"2,080"
2026-06-14,Cristhiam Adrian Botero Rojas,SUREZINC TRANSFER VAINILLA * 400 GR,"56,500",15,"8,475"
2026-06-14,Cristhiam Adrian Botero Rojas,SYVIOFTAL * 5ML,"18,500",5,925
2026-06-14,Cristhiam Adrian Botero Rojas,TENSOFAR 50 MG * 30 TAB L-CONSUM,"19,300",10,"1,930"
2026-06-14,Cristhiam Adrian Botero Rojas,VITAMINA C 1000 MG + COLAGENO 10 MG * 100 TAB,"65,800",10,"6,580"
2026-06-14,Cristhiam Adrian Botero Rojas,VITAMINA C+B2+ZINC *20 TAB,"21,849",5,"1,092"
2026-06-14,Jefferson Andres Castrillon  Piã±Uela,ADIFAR * 20 TAB,"46,000",20,"4,600"
2026-06-14,Jefferson Andres Castrillon  Piã±Uela,AGUA FARMANORTE * 600 ML,"10,400",20,520
2026-06-14,Jefferson Andres Castrillon  Piã±Uela,ATLETICS GEL * 60 GR,"21,300",10,"2,130"
2026-06-14,Jefferson Andres Castrillon  Piã±Uela,BILSYL 240 MG * 20 CAP,"16,000",8,"1,280"
2026-06-14,Jefferson Andres Castrillon  Piã±Uela,CABLE IPHONE REF 1989,"16,807",10,"1,681"
2026-06-14,Jefferson Andres Castrillon  Piã±Uela,CLORFENIRAMINA JBE * 120 ML,"8,300",10,830
2026-06-14,Jefferson Andres Castrillon  Piã±Uela,CONGESTEX * 10 CAP,"9,000",10,900
2026-06-14,Jefferson Andres Castrillon  Piã±Uela,CRONOFEN L JBE * 100 ML  L-RESPI-RIN,"18,500",10,"1,850"
2026-06-14,Jefferson Andres Castrillon  Piã±Uela,DOSALDIN * 20 TAB,"16,000",12,"1,920"
2026-06-14,Jefferson Andres Castrillon  Piã±Uela,EREX BEBIDA 20 ML * 20 S/S,"3,200",10,320
2026-06-14,Jefferson Andres Castrillon  Piã±Uela,FULLREADY * 60 ML,"11,765",10,"1,176"
2026-06-14,Jefferson Andres Castrillon  Piã±Uela,GLICERTOX NF JBE * 125 ML,"38,100",12,"4,572"
2026-06-14,Jefferson Andres Castrillon  Piã±Uela,IBUPROFENO 800 MG * 50 TAB,"5,000",10,500
2026-06-14,Jefferson Andres Castrillon  Piã±Uela,MELOXICAM 15 MG * 10 TAB,"16,200",10,"1,620"
2026-06-14,Jefferson Andres Castrillon  Piã±Uela,MIELTERTOS PASTILLAS MASTICABLES * 12 S/S,"2,800",10,280
2026-06-14,Jefferson Andres Castrillon  Piã±Uela,NAPROXENO 500 MG * 10 TAB,"15,000",10,"1,500"
2026-06-14,Jefferson Andres Castrillon  Piã±Uela,NORIFLAM 75MG/3ML * 6 AMP,"6,400",10,640
2026-06-14,Jefferson Andres Castrillon  Piã±Uela,SUREZINC TRANSFER FACTOR PLUS * 30 S/S,"3,000",15,450
2026-06-14,Jefferson Andres Castrillon  Piã±Uela,VYASIL 50 MG * 2 TAB,"19,900",10,"1,990"
2026-06-15,Cristhiam Adrian Botero Rojas,ACED PIEL  PROTECTOR SOLAR SPF 50+ * 24 S/S,"3,782",10,378
2026-06-15,Cristhiam Adrian Botero Rojas,AGUA FARMANORTE * 600 ML,"7,800",5,390
2026-06-15,Cristhiam Adrian Botero Rojas,AMOXICILINA 500 MG * 50 CAP,"9,000",10,900
2026-06-15,Cristhiam Adrian Botero Rojas,ATROMIZIN 500 MG * 3 TAB,"24,900",10,"2,490"
2026-06-15,Cristhiam Adrian Botero Rojas,BRONCOMIELITO TABLETAS MASTICABLES * 24 S/S,"5,000",10,500
2026-06-15,Cristhiam Adrian Botero Rojas,CETIRIZINA 10 MG * 10 TAB,"8,000",10,800
2026-06-15,Cristhiam Adrian Botero Rojas,CLINDABACT 100/100MG * 3 OVULOS,"38,400",12,"4,608"
2026-06-15,Cristhiam Adrian Botero Rojas,COLESPAS 10 MG * 30 TAB,"39,600",12,"4,752"
2026-06-15,Cristhiam Adrian Botero Rojas,CONGESTEX * 10 CAP,"17,500",10,"1,750"
2026-06-15,Cristhiam Adrian Botero Rojas,CONGESTEX G KIDS * 90 ML L-TR-CAP,"25,200",5,"1,260"
2026-06-15,Cristhiam Adrian Botero Rojas,CRONOFEN 500 MG * 100 TB L-TR-CAPS,"4,000",10,400
2026-06-15,Cristhiam Adrian Botero Rojas,DICLOFENACO R 100 MG * 20 CAP,"8,000",8,640
2026-06-15,Cristhiam Adrian Botero Rojas,EREX BEBIDA 20 ML * 20 S/S,"12,800",30,"1,280"
2026-06-15,Cristhiam Adrian Botero Rojas,MEGA VIT ADVANCE * 2 TAB,"12,000",10,"1,200"
2026-06-15,Cristhiam Adrian Botero Rojas,NAPROXENO 250 MG * 10 TAB,"7,200",10,720
2026-06-15,Cristhiam Adrian Botero Rojas,NAPROXENO 500 MG * 10 TAB,"30,000",20,"3,000"
2026-06-15,Cristhiam Adrian Botero Rojas,NOVOXICAN 15 MG * 10 TAB,"37,000",20,"3,700"
2026-06-15,Cristhiam Adrian Botero Rojas,OKAP FORTE 250/20MG * 10 CAP,"21,700",10,"2,170"
2026-06-15,Cristhiam Adrian Botero Rojas,PIEL SENSITIVO * 3 PRESERVATIVOS,"10,500",10,"1,050"
2026-06-15,Cristhiam Adrian Botero Rojas,POSTDAY * 2 TAB,"19,000",10,"1,900"
2026-06-15,Cristhiam Adrian Botero Rojas,SUERO FISIOLOGICO * 30 ML,"6,800",5,340
2026-06-15,Cristhiam Adrian Botero Rojas,VALERIANA GOTAS * 25 ML,"18,600",10,"1,860"
2026-06-15,Cristhiam Adrian Botero Rojas,VITAMINA C + ZINC MANDARINA * 100 TAB,"5,882",15,882
2026-06-15,Cristhiam Adrian Botero Rojas,VITAMINA C + ZINC NARANJA * 100 TAB,"5,882",10,588
2026-06-15,Cristhiam Adrian Botero Rojas,VITAMINA C+B2+ZINC *20 TAB,"21,849",5,"1,092"
2026-06-15,Jefferson Andres Castrillon  Piã±Uela,AGUA FARMANORTE * 600 ML,"2,600",5,130
2026-06-15,Jefferson Andres Castrillon  Piã±Uela,AMOXICILINA 500 MG * 50 CAP,"9,000",10,900
2026-06-15,Jefferson Andres Castrillon  Piã±Uela,ATLETICS GEL * 60 GR,"21,300",10,"2,130"
2026-06-15,Jefferson Andres Castrillon  Piã±Uela,BIOVIR UNGUENTO * 15 GR,"17,500",8,"1,400"
2026-06-15,Jefferson Andres Castrillon  Piã±Uela,CRONOFEN 500 MG * 100 TB L-TR-CAPS,"4,000",10,400
2026-06-15,Jefferson Andres Castrillon  Piã±Uela,DICLOFENACO + HIDROXIDO ALUMINIO * 10 CAP,"22,600",5,"1,130"
2026-06-15,Jefferson Andres Castrillon  Piã±Uela,LORDINEX 10 MG * 10 TAB L-CONSUM,"8,900",8,712
2026-06-15,Jefferson Andres Castrillon  Piã±Uela,MENTOFRIX RUB UNG LATA * 12 GR,"5,546",10,555
2026-06-15,Jefferson Andres Castrillon  Piã±Uela,MIELTERTOS PASTILLAS MASTICABLES * 12 S/S,"5,600",10,560
2026-06-15,Jefferson Andres Castrillon  Piã±Uela,NAPROXENO 500 MG * 10 TAB,"15,000",10,"1,500"
2026-06-15,Jefferson Andres Castrillon  Piã±Uela,OMEPRAZOL 20 MG * 10 CAP,"4,500",8,360
2026-06-15,Jefferson Andres Castrillon  Piã±Uela,PROCATEC 500 MG * 10 TAB,"18,000",10,"1,800"
2026-06-16,Jorge Hernando Sanjuan Vega,AGUA FARMANORTE * 600 ML,"10,400",15,520
2026-06-16,Jorge Hernando Sanjuan Vega,CEFALEXINA 500 MG * 50 TAB,"13,000",10,"1,300"
2026-06-16,Jorge Hernando Sanjuan Vega,DOLORSIN FEM * 40 CAP L-TR-CAPS,"9,200",8,736
2026-06-16,Jorge Hernando Sanjuan Vega,HTO-LIAR JBE * 120 ML,"59,800",12,"7,176"
2026-06-16,Jorge Hernando Sanjuan Vega,MEXICAN 7.5 MG * 30 TAB,"7,000",12,840
2026-06-16,Jorge Hernando Sanjuan Vega,NAPROXENO 500 MG * 10 TAB,"15,000",10,"1,500"
2026-06-16,Jorge Hernando Sanjuan Vega,SUREZINC TRANSFER FACTOR PLUS * 30 S/S,"3,000",15,450
2026-06-16,Jorge Hernando Sanjuan Vega,SUREZINC TRANSFER KIDS VAINILLA * 400 GR,"56,500",15,"8,475"
2026-06-16,Cristhiam Adrian Botero Rojas,ADIFAR * 20 TAB,"23,000",10,"2,300"
2026-06-16,Cristhiam Adrian Botero Rojas,AMOXICILINA 500 MG * 50 CAP,"27,000",30,"2,700"
2026-06-16,Cristhiam Adrian Botero Rojas,BRONCOMIELITO TABLETAS MASTICABLES * 24 S/S,"2,600",10,260
2026-06-16,Cristhiam Adrian Botero Rojas,CLINDABACT 100/100MG * 3 OVULOS,"38,400",12,"4,608"
2026-06-16,Cristhiam Adrian Botero Rojas,CLINDABACT 2% CREMA VAGINAL * 20 GR,"46,500",10,"4,650"
2026-06-16,Cristhiam Adrian Botero Rojas,CLORFENIRAMINA JBE * 120 ML,"16,600",10,"1,660"
2026-06-16,Cristhiam Adrian Botero Rojas,EREX BEBIDA * 500 ML,"91,800",20,"9,180"
2026-06-16,Cristhiam Adrian Botero Rojas,EREX BEBIDA 20 ML * 20 S/S,"3,200",10,320
2026-06-16,Cristhiam Adrian Botero Rojas,GRIPAC 4 * 10 CAP,"21,900",10,"2,190"
2026-06-16,Cristhiam Adrian Botero Rojas,LORDINEX 10 MG * 10 TAB L-CONSUM,"17,800",16,"1,424"
2026-06-16,Cristhiam Adrian Botero Rojas,MEGA VIT ADVANCE * 2 TAB,"12,000",10,"1,200"
2026-06-16,Cristhiam Adrian Botero Rojas,NAPROXENO 250 MG * 10 TAB,"14,400",20,"1,440"
2026-06-16,Cristhiam Adrian Botero Rojas,NORIFLAM 75MG/3ML * 6 AMP,"6,400",10,640
2026-06-16,Cristhiam Adrian Botero Rojas,OIDOLYT GOTAS * 15 ML,"28,600",12,"3,432"
2026-06-16,Cristhiam Adrian Botero Rojas,POSTDAY * 2 TAB,"19,000",10,"1,900"
2026-06-16,Cristhiam Adrian Botero Rojas,SILDENAFIL 50 MG * 2 TAB MASTICABLES,"9,400",5,470
2026-06-16,Cristhiam Adrian Botero Rojas,VITAMINA C + ZINC TUTI FRUTI * 100 TAB,"5,882",10,588
2026-06-17,Jorge Hernando Sanjuan Vega,ACETAMINOFEN 500 MG * 100 TAB,"3,000",12,360
2026-06-17,Jorge Hernando Sanjuan Vega,AGUA FARMANORTE * 600 ML,"13,000",20,650
2026-06-17,Jorge Hernando Sanjuan Vega,BINAFAR 200/500MG * 24 TAB,"16,000",24,"1,920"
2026-06-17,Jorge Hernando Sanjuan Vega,CICLOFERIN UNGUENTO * 15 GR,"29,900",10,"2,990"
2026-06-17,Jorge Hernando Sanjuan Vega,COLESPAS 10 MG * 30 TAB,"39,600",12,"4,752"
2026-06-17,Jorge Hernando Sanjuan Vega,CRONOFEN 500 MG * 100 TB L-TR-CAPS,"8,000",10,800
2026-06-17,Jorge Hernando Sanjuan Vega,DOLORSIN FEM * 40 CAP L-TR-CAPS,"9,200",8,736
2026-06-17,Jorge Hernando Sanjuan Vega,FEXOFENADINA 120 MG * 10 TAB,"68,000",10,"6,800"
2026-06-17,Jorge Hernando Sanjuan Vega,GOFEN FORTE 400 MG * 60 CAP,"14,000",10,"1,400"
2026-06-17,Jorge Hernando Sanjuan Vega,LUDIKA GEL LUBRICANTE * 50 GR,"22,353",10,"2,235"
2026-06-17,Jorge Hernando Sanjuan Vega,MEGA VIT ADVANCE * 2 TAB,"12,000",10,"1,200"
2026-06-17,Jorge Hernando Sanjuan Vega,METRONIDAZOL 500 MG * 10 OVULOS,"16,200",7,"1,134"
2026-06-17,Jorge Hernando Sanjuan Vega,NITOXIPAR 500 MG * 6 TAB,"79,200",12,"9,504"
2026-06-17,Jorge Hernando Sanjuan Vega,OKAP FORTE 250/20MG * 10 CAP,"11,000",10,"1,100"
2026-06-17,Jorge Hernando Sanjuan Vega,SUREZINC TRANSFER FACTOR PLUS * 30 S/S,"6,000",30,900
2026-06-17,Cristhiam Adrian Botero Rojas,ATROMIZIN 500 MG * 3 TAB,"24,900",10,"2,490"
2026-06-17,Cristhiam Adrian Botero Rojas,DICLOFENACO R 100 MG * 20 CAP,"8,000",8,640
2026-06-17,Cristhiam Adrian Botero Rojas,IBUPROFENO 800 MG * 50 TAB,"5,000",10,500
2026-06-17,Cristhiam Adrian Botero Rojas,LOSARTAN E CARDIO 50 MG * 300 TAB,"6,000",10,600
2026-06-17,Cristhiam Adrian Botero Rojas,MEGA VIT ADVANCE * 2 TAB,"12,000",10,"1,200"
2026-06-17,Cristhiam Adrian Botero Rojas,MENTOFRIX RUB UNG LATA * 12 GR,"5,546",10,555
2026-06-17,Cristhiam Adrian Botero Rojas,MINOXIDIL 5% * 60 ML,"49,900",10,"4,990"
2026-06-17,Cristhiam Adrian Botero Rojas,PROPOMIELITO * 350 GR,"26,400",10,"2,640"
2026-06-17,Cristhiam Adrian Botero Rojas,RESVERATROL POLVO SABOR UVA * 500 GR,"59,900",10,"5,990"
2026-06-17,Cristhiam Adrian Botero Rojas,SUREZINC TRANSFER VAINILLA * 400 GR,"56,500",15,"8,475"
2026-06-17,Cristhiam Adrian Botero Rojas,VINAGRE DE MANZANA * 750 ML,"24,370",10,"2,437"
2026-06-17,Cristhiam Adrian Botero Rojas,VITAMINA C + ZINC MANDARINA * 100 TAB,"5,882",15,882
2026-06-17,Esteban Sandoval,ARNICA CREMA * 60 GR,"24,790",10,"2,479"
2026-06-18,Jorge Hernando Sanjuan Vega,ACETAMINOFEN CODEINA 325/30MG * 30 TAB,"15,000",10,"1,500"
2026-06-18,Jorge Hernando Sanjuan Vega,AGUA FARMANORTE * 600 ML,"5,200",5,260
2026-06-18,Jorge Hernando Sanjuan Vega,BACTRODERM SOLUCION * 60 ML,"11,000",10,"1,100"
2026-06-18,Jorge Hernando Sanjuan Vega,CEFALEXINA 500 MG * 50 TAB,"13,000",10,"1,300"
2026-06-18,Jorge Hernando Sanjuan Vega,CEFLAXILIN 500 MG * 20 CAP,"31,000",12,"3,720"
2026-06-18,Jorge Hernando Sanjuan Vega,CLINDABACT 2% CREMA VAGINAL * 20 GR,"46,500",10,"4,650"
2026-06-18,Jorge Hernando Sanjuan Vega,CRONOFEN 500 MG * 100 TB L-TR-CAPS,"4,000",10,400
2026-06-18,Jorge Hernando Sanjuan Vega,DOLORSIN FEM * 40 CAP L-TR-CAPS,"9,200",8,736
2026-06-18,Jorge Hernando Sanjuan Vega,GRIPAC 4 * 100 CAP,"10,500",12,"1,260"
2026-06-18,Jorge Hernando Sanjuan Vega,MEDIZOL 2 % CREMA VAGINAL * 20 GR,"39,900",12,"4,788"
2026-06-18,Jorge Hernando Sanjuan Vega,MIELTERTOS PASTILLAS MASTICABLES * 12 S/S,"2,800",10,280
2026-06-18,Jorge Hernando Sanjuan Vega,MINOXIDIL 5% * 60 ML,"49,900",10,"4,990"
2026-06-18,Jorge Hernando Sanjuan Vega,MULTI - WOMEN * 100 TAB,"89,500",10,"8,950"
2026-06-18,Jorge Hernando Sanjuan Vega,NAPROXENO 500 MG * 10 TAB,"15,000",10,"1,500"
2026-06-18,Jorge Hernando Sanjuan Vega,NAZIL OFTENO * 15 ML,"22,200",10,"2,220"
2026-06-18,Jorge Hernando Sanjuan Vega,OMEPRAZOL 20 MG * 10 CAP,"4,500",8,360
2026-06-18,Jorge Hernando Sanjuan Vega,PIEL SABORES * 3 PRESERVATIVOS,"10,500",10,"1,050"
2026-06-18,Jorge Hernando Sanjuan Vega,POSTDAY * 2 TAB,"19,000",10,"1,900"
2026-06-18,Jorge Hernando Sanjuan Vega,SIFEI 200 MG * 5 CAP,"47,300",10,"4,730"
2026-06-18,Jorge Hernando Sanjuan Vega,SUREZINC TRANSFER VAINILLA * 400 GR,"56,500",15,"8,475"
2026-06-18,Jorge Hernando Sanjuan Vega,VYASIL 50 MG * 2 TAB,"19,900",10,"1,990"
2026-06-18,Cristhiam Adrian Botero Rojas,CLORFENIRAMINA JBE * 120 ML,"8,300",10,830
2026-06-18,Cristhiam Adrian Botero Rojas,CRONOFEN 500 MG * 100 TB L-TR-CAPS,"4,000",10,400
2026-06-18,Cristhiam Adrian Botero Rojas,EREX BEBIDA 20 ML * 20 S/S,"3,200",10,320
2026-06-18,Cristhiam Adrian Botero Rojas,FEXOFENADINA 30 MG SUSP * 150 ML,"56,300",10,"5,630"
2026-06-18,Cristhiam Adrian Botero Rojas,GALEZOL 500 MG * 6 TAB,"77,600",10,"7,760"
2026-06-18,Cristhiam Adrian Botero Rojas,GOGAZ * 50 CAP,"14,000",10,"1,400"
2026-06-18,Cristhiam Adrian Botero Rojas,LOPERAMIDA 2 MG * 6 TAB,"7,600",10,760
2026-06-18,Cristhiam Adrian Botero Rojas,MIELTERTOS PASTILLAS MASTICABLES * 12 S/S,"2,800",10,280
2026-06-18,Cristhiam Adrian Botero Rojas,PRAZED 20 MG * 30 CAP L-CONSUM,"18,500",10,"1,850"
2026-06-18,Cristhiam Adrian Botero Rojas,TABTINA 20 MG * 10 TAB,"50,000",40,"10,000"
2026-06-18,Cristhiam Adrian Botero Rojas,VYASIL 50 MG * 2 TAB,"19,900",10,"1,990"
2026-06-19,Jorge Hernando Sanjuan Vega,AGUA FARMANORTE * 600 ML,"7,800",15,390
2026-06-19,Jorge Hernando Sanjuan Vega,AMPLIEX 500 MG * 100 CAP,"17,000",12,"2,040"
2026-06-19,Jorge Hernando Sanjuan Vega,AZITROMICINA 500 MG * 3 TAB,"18,500",12,"2,220"
2026-06-19,Jorge Hernando Sanjuan Vega,BINAFAR 200/500MG * 24 TAB,"16,000",12,"1,920"
2026-06-19,Jorge Hernando Sanjuan Vega,CLINDABACT 100/100MG * 3 OVULOS,"38,400",12,"4,608"
2026-06-19,Jorge Hernando Sanjuan Vega,EREX BEBIDA 20 ML * 20 S/S,"9,600",30,960
2026-06-19,Jorge Hernando Sanjuan Vega,EUGICA COFF HERBAL LOZENGES * 120 TAB,"6,050",10,605
2026-06-19,Jorge Hernando Sanjuan Vega,GALEZOL 500 MG * 6 TAB,"38,800",10,"3,880"
2026-06-19,Jorge Hernando Sanjuan Vega,LORATADINA 10 MG * 20 TAB,"8,700",10,870
2026-06-19,Jorge Hernando Sanjuan Vega,MIELTERTOS GRIPA NOCHE PANELA LIMON * 24 S/S,"5,400",10,540
2026-06-19,Jorge Hernando Sanjuan Vega,POSTDAY * 2 TAB,"19,000",10,"1,900"
2026-06-19,Jorge Hernando Sanjuan Vega,PRAZED 20 MG * 30 CAP L-CONSUM,"10,500",10,"1,050"
2026-06-19,Jorge Hernando Sanjuan Vega,SUREZINC TRANSFER VAINILLA * 400 GR,"113,000",30,"16,950"
2026-06-19,Jorge Hernando Sanjuan Vega,TIAMINA 300 MG * 50 CAP L-CONSUM,"4,000",10,400
2026-06-19,Jorge Hernando Sanjuan Vega,TRIMEBUTINA 200 MG * 30 TAB,"10,000",12,"1,200"
2026-06-19,Jorge Hernando Sanjuan Vega,VYASIL 50 MG * 2 TAB,"39,800",20,"3,980"
2026-06-19,Cristhiam Adrian Botero Rojas,ACED PIEL  PROTECTOR SOLAR SPF 50+ * 24 S/S,"3,782",10,378
2026-06-19,Cristhiam Adrian Botero Rojas,ACETAMINOFEN JBE * 90 ML,"9,000",10,900
2026-06-19,Cristhiam Adrian Botero Rojas,AGUA FARMANORTE * 600 ML,"2,600",5,130
2026-06-19,Cristhiam Adrian Botero Rojas,ATROMIZIN 500 MG * 3 TAB,"24,900",10,"2,490"
2026-06-19,Cristhiam Adrian Botero Rojas,CLOBENT 0.05 % CREMA * 40 GR,"32,300",10,"3,230"
2026-06-19,Cristhiam Adrian Botero Rojas,CRONOFEN 500 MG * 100 TB L-TR-CAPS,"8,000",20,800
2026-06-19,Cristhiam Adrian Botero Rojas,IRBESARTAN 150 MG * 30 TAB,"19,500",10,"1,950"
2026-06-19,Cristhiam Adrian Botero Rojas,NORIFLAM 75MG/3ML * 6 AMP,"6,400",10,640
2026-06-19,Cristhiam Adrian Botero Rojas,PIEL EXCITANTE * 3 PRESERVATIVOS,"10,500",10,"1,050"
2026-06-19,Cristhiam Adrian Botero Rojas,VALERIANA GOTAS * 25 ML,"18,600",10,"1,860"
2026-06-19,Cristhiam Adrian Botero Rojas,VITAMINA C + ZINC NARANJA * 100 TAB,"5,882",10,588
2026-06-19,Cristhiam Adrian Botero Rojas,VITAMINA C+B2+ZINC *20 TAB,"65,546",10,"3,277"
2026-06-19,Esteban Sandoval,AMPLIEX 500 MG * 100 CAP,"17,000",12,"2,040"
2026-06-19,Esteban Sandoval,NAPROXENO 500 MG * 10 TAB,"15,000",10,"1,500"
2026-06-20,Jorge Hernando Sanjuan Vega,ACETAMINOFEN 500 MG * 100 TAB,"3,000",12,360
2026-06-20,Jorge Hernando Sanjuan Vega,AGUA FARMANORTE * 600 ML,"31,200",40,"1,560"
2026-06-20,Jorge Hernando Sanjuan Vega,AGUA OXIGENADA * 120 ML,"6,500",5,325
2026-06-20,Jorge Hernando Sanjuan Vega,AMOXICILINA 500 MG * 50 CAP,"27,000",20,"2,700"
2026-06-20,Jorge Hernando Sanjuan Vega,BACTRODERM SOLUCION * 60 ML,"11,000",10,"1,100"
2026-06-20,Jorge Hernando Sanjuan Vega,CETIRIZINA 10 MG * 10 TAB,"8,000",10,800
2026-06-20,Jorge Hernando Sanjuan Vega,CLOMAZOL 1 % CREMA * 40 GR,"30,300",12,"3,636"
2026-06-20,Jorge Hernando Sanjuan Vega,CRONOFEN 500 MG * 100 TB L-TR-CAPS,"4,000",10,400
2026-06-20,Jorge Hernando Sanjuan Vega,DOLORSIN FEM * 40 CAP L-TR-CAPS,"9,200",8,736
2026-06-20,Jorge Hernando Sanjuan Vega,EREX BEBIDA 20 ML * 20 S/S,"6,400",20,640
2026-06-20,Jorge Hernando Sanjuan Vega,EUGICA COFF HERBAL LOZENGES * 120 TAB,"6,050",10,605
2026-06-20,Jorge Hernando Sanjuan Vega,FLUCONAZOL 200 MG * 4 CAP,"17,300",8,"1,384"
2026-06-20,Jorge Hernando Sanjuan Vega,GRIPAC 4 * 10 CAP,"43,800",20,"4,380"
2026-06-20,Jorge Hernando Sanjuan Vega,GRIPAC 4 * 100 CAP,"10,500",12,"1,260"
2026-06-20,Jorge Hernando Sanjuan Vega,IBUPROFENO 800 MG * 50 TAB,"5,000",10,500
2026-06-20,Jorge Hernando Sanjuan Vega,LOPERAMIDA 2 MG * 6 TAB,"22,800",30,"2,280"
2026-06-20,Jorge Hernando Sanjuan Vega,LORATADINA 10 MG * 20 TAB,"5,000",10,500
2026-06-20,Jorge Hernando Sanjuan Vega,MEGA VIT ADVANCE * 2 TAB,"12,000",10,"1,200"
2026-06-20,Jorge Hernando Sanjuan Vega,MENTOFRIX RUB UNG LATA * 12 GR,"5,546",10,555
2026-06-20,Jorge Hernando Sanjuan Vega,NAPROXENO 500 MG * 10 TAB,"30,000",20,"3,000"
2026-06-20,Jorge Hernando Sanjuan Vega,NAZIL OFTENO * 15 ML,"66,600",30,"6,660"
2026-06-20,Jorge Hernando Sanjuan Vega,NORIFLAM 75MG/3ML * 6 AMP,"6,400",10,640
2026-06-20,Jorge Hernando Sanjuan Vega,PIEL SENSITIVO * 3 PRESERVATIVOS,"21,000",20,"2,100"
2026-06-20,Jorge Hernando Sanjuan Vega,SIFEI 200 MG * 5 CAP,"94,600",10,"9,460"
2026-06-20,Jorge Hernando Sanjuan Vega,TABTINA 20 MG * 10 TAB,"25,000",20,"5,000"
2026-06-20,Jorge Hernando Sanjuan Vega,VITAMINA C + ZINC NARANJA * 100 TAB,"5,882",10,588
2026-06-20,Jorge Hernando Sanjuan Vega,VYASIL 50 MG * 2 TAB,"39,800",20,"3,980"
2026-06-20,Jorge Hernando Sanjuan Vega,ZIFLUVIS 600 MG * 10 S/S,"5,000",12,600
2026-06-20,Cristhiam Adrian Botero Rojas,AMPICILINA 500 MG * 100 CAPS,"10,000",8,800
2026-06-20,Cristhiam Adrian Botero Rojas,ATROMIZIN 500 MG * 3 TAB,"24,900",10,"2,490"
2026-06-20,Cristhiam Adrian Botero Rojas,MEDIZOL 500 MG * 2 OVULOS,"38,400",12,"4,608"
2026-06-20,Cristhiam Adrian Botero Rojas,QUETIAPINA 25 MG * 30 TAB,"33,400",10,"3,340"
2026-06-20,Cristhiam Adrian Botero Rojas,SUREZINC TRANSFER VAINILLA * 400 GR,"56,500",15,"8,475"
2026-06-20,Cristhiam Adrian Botero Rojas,VENASFULL MAX FORTE  * 60 CAP,"52,000",10,"5,200"
2026-06-20,Cristhiam Adrian Botero Rojas,VITAMINA C + ZINC NARANJA * 100 TAB,"5,882",10,588
2026-06-21,Jorge Hernando Sanjuan Vega,ACETAMINOFEN 500 MG * 100 TAB,"3,000",12,360
2026-06-21,Jorge Hernando Sanjuan Vega,AGUA FARMANORTE * 600 ML,"13,000",25,650
2026-06-21,Jorge Hernando Sanjuan Vega,ALGINACID SUSP * 360 ML,"32,900",12,"3,948"
2026-06-21,Jorge Hernando Sanjuan Vega,AMOXICILINA 500 MG * 50 CAP,"9,000",10,900
2026-06-21,Jorge Hernando Sanjuan Vega,AMPICILINA 500 MG * 100 CAPS,"10,000",8,800
2026-06-21,Jorge Hernando Sanjuan Vega,AVALPRIC SUSP * 120 ML,"19,800",10,"1,980"
2026-06-21,Jorge Hernando Sanjuan Vega,BEDOYECTA * 3 JERINGAS PRELLENADAS,"37,500",10,"3,750"
2026-06-21,Jorge Hernando Sanjuan Vega,BINAFAR 200/500MG * 24 TAB,"8,000",12,960
2026-06-21,Jorge Hernando Sanjuan Vega,BIOVIR UNGUENTO * 15 GR,"17,500",8,"1,400"
2026-06-21,Jorge Hernando Sanjuan Vega,CIPROFLOXACINO 500 MG * 10 TAB,"10,000",10,"1,000"
2026-06-21,Jorge Hernando Sanjuan Vega,CLARIFAR 500 MG * 10 TAB   /D24/,"139,200",24,"16,704"
2026-06-21,Jorge Hernando Sanjuan Vega,CLOTRIMAZOL CREMA VAGINAL * 40 GR,"26,600",10,"2,660"
2026-06-21,Jorge Hernando Sanjuan Vega,COLESPAS 10 MG * 30 TAB,"14,000",12,"1,680"
2026-06-21,Jorge Hernando Sanjuan Vega,DIEXSOPRAZOL 40 MG * 10 CAP,"30,000",10,"3,000"
2026-06-21,Jorge Hernando Sanjuan Vega,EREX BEBIDA 20 ML * 20 S/S,"12,800",30,"1,280"
2026-06-21,Jorge Hernando Sanjuan Vega,FENAMED 250/4MG * 14 TAB,"57,800",10,"5,780"
2026-06-21,Jorge Hernando Sanjuan Vega,FLUOXETINA 20 MG * 30 CAP,"16,400",5,820
2026-06-21,Jorge Hernando Sanjuan Vega,GALEZOL 500 MG * 6 TAB,"38,800",10,"3,880"
2026-06-21,Jorge Hernando Sanjuan Vega,GENTAMICINA OFTALMICO * 6 ML,"10,500",8,840
2026-06-21,Jorge Hernando Sanjuan Vega,LEVOTIROXINA 75 MG * 30 TAB,"22,800",10,"2,280"
2026-06-21,Jorge Hernando Sanjuan Vega,LOPERAMIDA 2 MG * 6 TAB,"15,200",20,"1,520"
2026-06-21,Jorge Hernando Sanjuan Vega,LOSARTAN 50 MG * 30 TAB,"13,500",10,"1,350"
2026-06-21,Jorge Hernando Sanjuan Vega,METRONIDAZOL 500 MG * 100 TAB,"12,000",8,960
2026-06-21,Jorge Hernando Sanjuan Vega,MEXICAN 7.5 MG * 30 TAB,"7,000",12,840
2026-06-21,Jorge Hernando Sanjuan Vega,OKAP FORTE 250/20MG * 10 CAP,"22,000",20,"2,200"
2026-06-21,Jorge Hernando Sanjuan Vega,PIEL SENSITIVO * 3 PRESERVATIVOS,"10,500",10,"1,050"
2026-06-21,Jorge Hernando Sanjuan Vega,SUREZINC TRANSFER FACTOR PLUS * 30 S/S,"6,000",15,900
2026-06-21,Jorge Hernando Sanjuan Vega,TRIMETOPRIMA SULFA 160/800 MG * 100 TAB,"7,000",8,560
2026-06-21,Jorge Hernando Sanjuan Vega,ZIRIN 10 MG * 50 CAP,"17,000",10,"1,700"
2026-06-21,Esteban Sandoval,AGUA FARMANORTE * 600 ML,"13,000",20,650
2026-06-21,Esteban Sandoval,CLOTRIMAZOL CREMA VAGINAL * 40 GR,"26,600",10,"2,660"
2026-06-21,Esteban Sandoval,MEDIZOL 500 MG * 2 OVULOS,"38,400",12,"4,608"
2026-06-21,Esteban Sandoval,OKAP FORTE 250/20MG * 10 CAP,"21,700",10,"2,170"
2026-06-21,Esteban Sandoval,POSTDAY * 1 TAB,"17,500",10,"1,750"
2026-06-21,Esteban Sandoval,TRIVAG SOLUCION VAGINAL * 120 ML,"16,471",12,"1,976"
2026-06-22,Jorge Hernando Sanjuan Vega,AGUA FARMANORTE * 600 ML,"2,600",5,130
2026-06-22,Jorge Hernando Sanjuan Vega,AZITROMICINA 500 MG * 3 TAB,"18,500",12,"2,220"
2026-06-22,Jorge Hernando Sanjuan Vega,DOLORSIN FEM * 40 CAP L-TR-CAPS,"73,600",16,"5,888"
2026-06-22,Jorge Hernando Sanjuan Vega,EUGICA COFF HERBAL LOZENGES * 120 TAB,"6,050",10,605
2026-06-22,Jorge Hernando Sanjuan Vega,MEGA VIT ADVANCE * 2 TAB,"12,000",10,"1,200"
2026-06-22,Jorge Hernando Sanjuan Vega,NAZIL OFTENO * 15 ML,"22,200",10,"2,220"
2026-06-22,Jorge Hernando Sanjuan Vega,VITAMINA C + ZINC MANDARINA * 100 TAB,"35,294",30,"5,294"
2026-06-22,Cristhiam Adrian Botero Rojas,CLOBEGEN CREMA * 20 GR,"14,200",8,"1,136"
2026-06-22,Cristhiam Adrian Botero Rojas,CLOMAZOL 1 % CREMA * 40 GR,"30,300",12,"3,636"
2026-06-22,Cristhiam Adrian Botero Rojas,CRONOFEN 500 MG * 100 TB L-TR-CAPS,"4,000",10,400
2026-06-22,Cristhiam Adrian Botero Rojas,DOLORSIN FEM * 40 CAP L-TR-CAPS,"9,200",8,736
2026-06-22,Cristhiam Adrian Botero Rojas,LOREZE * 10 CAP,"19,900",20,"3,980"
2026-06-22,Esteban Sandoval,BECOLIT CREMA * 40 GR,"32,000",12,"3,840"
2026-06-22,Esteban Sandoval,BINAFAR 200/500MG * 24 TAB,"16,000",12,"1,920"
2026-06-22,Esteban Sandoval,DOLORSIN FEM * 40 CAP L-TR-CAPS,"9,200",8,736
2026-06-22,Esteban Sandoval,GLICERTOX NF JBE * 125 ML,"38,100",12,"4,572"
2026-06-22,Esteban Sandoval,IBUPROFENO 100 MG SUSP * 120 ML,"16,700",10,"1,670"
2026-06-22,Esteban Sandoval,MIELTERTOS PASTILLAS MASTICABLES * 12 S/S,"2,800",10,280
2026-06-22,Esteban Sandoval,PIEL SABORES * 3 PRESERVATIVOS,"10,500",10,"1,050"
2026-06-22,Esteban Sandoval,POSTDAY * 2 TAB,"19,000",10,"1,900"
2026-06-22,Esteban Sandoval,PROCATEC 500 MG * 10 TAB,"36,000",10,"3,600"
2026-06-22,Esteban Sandoval,ROCIBLUE 50 MG * 2 TAB,"20,800",10,"2,080"
2026-06-22,Esteban Sandoval,SPLASH TEARS LAGRIMAS ARTIFICIALES * 15 ML,"32,100",10,"3,210"
2026-06-22,Esteban Sandoval,VITAMINA C + ZINC NARANJA * 100 TAB,"17,647",20,"1,765"
2026-06-23,Jorge Hernando Sanjuan Vega,ACETAMINOFEN JBE * 90 ML,"9,000",10,900
2026-06-23,Jorge Hernando Sanjuan Vega,AGUA FARMANORTE * 600 ML,"13,000",15,650
2026-06-23,Jorge Hernando Sanjuan Vega,BINAFAR 200/500MG * 24 TAB,"32,000",24,"3,840"
2026-06-23,Jorge Hernando Sanjuan Vega,BIOPRONNABIS CANNABIS SATIVA BARRA LABIAL * 5 GR,"14,202",10,"1,420"
2026-06-23,Jorge Hernando Sanjuan Vega,CEFALEXINA 500 MG * 50 TAB,"13,000",10,"1,300"
2026-06-23,Jorge Hernando Sanjuan Vega,DOLORSIN FEM * 40 CAP L-TR-CAPS,"-36,800",8,"-2,944"
2026-06-23,Jorge Hernando Sanjuan Vega,EREX BEBIDA 20 ML * 20 S/S,"6,400",10,640
2026-06-23,Jorge Hernando Sanjuan Vega,GOFEN FORTE 400 MG * 60 CAP,"14,000",10,"1,400"
2026-06-23,Jorge Hernando Sanjuan Vega,GRIPAC 4 * 100 CAP,"10,500",12,"1,260"
2026-06-23,Jorge Hernando Sanjuan Vega,HEMETIL GOTAS * 30 ML,"15,500",12,"1,860"
2026-06-23,Jorge Hernando Sanjuan Vega,LOREZE * 10 CAP,"19,900",20,"3,980"
2026-06-23,Jorge Hernando Sanjuan Vega,MEGA VIT ADVANCE * 2 TAB,"12,000",10,"1,200"
2026-06-23,Jorge Hernando Sanjuan Vega,MIELTERTOS GRIPA NOCHE PANELA LIMON * 24 S/S,"2,700",10,270
2026-06-23,Jorge Hernando Sanjuan Vega,MIELTERTOS PASTILLAS MASTICABLES * 12 S/S,"8,400",30,840
2026-06-23,Jorge Hernando Sanjuan Vega,NITAHELMIN 100MG/5ML * 30 ML,"29,900",10,"2,990"
2026-06-23,Jorge Hernando Sanjuan Vega,OMEGA 3 PLUS * 50 CAP (OFERTA 2X1),"64,706",10,"6,471"
2026-06-23,Jorge Hernando Sanjuan Vega,PASEDOL 50 MG * 12 TAB,"9,600",20,960
2026-06-23,Jorge Hernando Sanjuan Vega,PIEL SABORES * 3 PRESERVATIVOS,"10,500",10,"1,050"
2026-06-23,Jorge Hernando Sanjuan Vega,SUREZINC TRANSFER FACTOR PLUS * 30 S/S,"12,000",45,"1,800"
2026-06-23,Jorge Hernando Sanjuan Vega,VITAMINA C + ZINC MANDARINA * 100 TAB,"-21,000",15,"-3,150"
2026-06-23,Jorge Hernando Sanjuan Vega,VITAMINA C + ZINC NARANJA * 100 TAB,"5,882",10,588
2026-06-23,Cristhiam Adrian Botero Rojas,ACED FULL MENTA * 360 ML,"35,600",12,"4,272"
2026-06-23,Cristhiam Adrian Botero Rojas,ACED PIEL LOCION * 120 ML,"23,445",10,"2,345"
2026-06-23,Cristhiam Adrian Botero Rojas,AGUA FARMANORTE * 600 ML,"2,600",5,130
2026-06-23,Cristhiam Adrian Botero Rojas,ATORVASTATINA 40 MG * 30 TAB,"59,900",10,"5,990"
2026-06-23,Cristhiam Adrian Botero Rojas,FARMALAX 5 MG * 10 GRAG,"6,300",10,630
2026-06-23,Cristhiam Adrian Botero Rojas,KENCYCAPS 100 MG * 10 CAP /D24/,"25,000",12,"3,000"
2026-06-23,Cristhiam Adrian Botero Rojas,MIELTERTOS PASTILLAS MASTICABLES * 12 S/S,"5,600",10,560
2026-06-23,Cristhiam Adrian Botero Rojas,PROCATEC 500 MG * 10 TAB,"18,000",10,"1,800"
2026-06-23,Esteban Sandoval,AGUA FARMANORTE * 600 ML,"2,600",5,130
2026-06-24,Jorge Hernando Sanjuan Vega,AGUA FARMANORTE * 600 ML,"5,200",5,260
2026-06-24,Jorge Hernando Sanjuan Vega,BINAFAR 200/500MG * 24 TAB,"8,000",12,960
2026-06-24,Jorge Hernando Sanjuan Vega,COLESPAS 10 MG * 30 TAB,"14,000",12,"1,680"
2026-06-24,Jorge Hernando Sanjuan Vega,DESLORATADINA JBE * 60 ML,"15,000",10,"1,500"
2026-06-24,Jorge Hernando Sanjuan Vega,DICLOFENACO R 100 MG * 20 CAP,"8,000",8,640
2026-06-24,Jorge Hernando Sanjuan Vega,GRIPAC 4 * 100 CAP,"10,500",12,"1,260"
2026-06-24,Jorge Hernando Sanjuan Vega,NITAHELMIN 100MG/5ML * 30 ML,"29,900",10,"2,990"
2026-06-24,Jorge Hernando Sanjuan Vega,NORIFLAM 75MG/3ML * 6 AMP,"6,400",10,640
2026-06-24,Cristhiam Adrian Botero Rojas,ADIFAR * 20 TAB,"23,000",10,"2,300"
2026-06-24,Cristhiam Adrian Botero Rojas,BINAFAR 200/500MG * 24 TAB,"16,000",12,"1,920"
2026-06-24,Cristhiam Adrian Botero Rojas,CRONOFEN 500 MG * 100 TB L-TR-CAPS,"4,000",10,400
2026-06-24,Cristhiam Adrian Botero Rojas,DICLOFENACO R 100 MG * 20 CAP,"8,000",8,640
2026-06-24,Cristhiam Adrian Botero Rojas,DOLORSIN FEM * 40 CAP L-TR-CAPS,"9,200",8,736
2026-06-24,Cristhiam Adrian Botero Rojas,EREX BEBIDA 20 ML * 20 S/S,"9,600",10,960
2026-06-24,Cristhiam Adrian Botero Rojas,GLICERTOX NF JBE * 125 ML,"38,100",12,"4,572"
2026-06-24,Cristhiam Adrian Botero Rojas,GOFEN FORTE 400 MG * 60 CAP,"14,000",10,"1,400"
2026-06-24,Cristhiam Adrian Botero Rojas,SIFEI 200 MG * 5 CAP,"47,300",10,"4,730"
2026-06-24,Cristhiam Adrian Botero Rojas,SUREZINC TRANSFER FACTOR PLUS * 30 S/S,"6,000",15,900
2026-06-24,Cristhiam Adrian Botero Rojas,VITAMINA C + ZINC NARANJA * 100 TAB,"5,882",10,588
2026-06-25,Jorge Hernando Sanjuan Vega,ACETAMINOFEN 500 MG * 100 TAB,"6,000",12,720
2026-06-25,Jorge Hernando Sanjuan Vega,AGUA FARMANORTE * 600 ML,"5,200",5,260
2026-06-25,Jorge Hernando Sanjuan Vega,BECLAZONE 30 MG * 10 CAP L-TR-CAPS,"14,400",10,"1,440"
2026-06-25,Jorge Hernando Sanjuan Vega,CEFALEXINA 500 MG * 50 TAB,"39,000",20,"3,900"
2026-06-25,Jorge Hernando Sanjuan Vega,CEFLAXILIN 500 MG * 20 CAP,"31,000",12,"3,720"
2026-06-25,Jorge Hernando Sanjuan Vega,CLOMAZOL 1 % CREMA * 40 GR,"30,300",12,"3,636"
2026-06-25,Jorge Hernando Sanjuan Vega,FARMALAX 5 MG * 10 GRAG,"6,300",10,630
2026-06-25,Jorge Hernando Sanjuan Vega,HTO-LIAR JBE * 120 ML,"29,900",12,"3,588"
2026-06-25,Jorge Hernando Sanjuan Vega,LOPERAMIDA 2 MG * 6 TAB,"7,600",10,760
2026-06-25,Jorge Hernando Sanjuan Vega,MELOXICAM 15 MG * 10 TAB,"16,200",10,"1,620"
2026-06-25,Jorge Hernando Sanjuan Vega,OKAP 37.5/325MG * 10 CAP,"54,700",10,"5,470"
2026-06-25,Jorge Hernando Sanjuan Vega,PIROXICAM 20 MG * 10 CAP,"7,100",5,355
2026-06-25,Jorge Hernando Sanjuan Vega,SILDENAFIL 50 MG * 2 TAB,"8,400",10,840
2026-06-25,Jorge Hernando Sanjuan Vega,SUREZINC TRANSFER FRESA * 400 GR,"56,500",15,"8,475"
2026-06-25,Cristhiam Adrian Botero Rojas,AGUA FARMANORTE * 600 ML,"2,600",5,130
2026-06-25,Cristhiam Adrian Botero Rojas,CEFLAXILIN 500 MG * 20 CAP,"31,000",12,"3,720"
2026-06-25,Cristhiam Adrian Botero Rojas,DURAX 20 MG * 1 TAB,"36,385",10,"3,639"
2026-06-25,Cristhiam Adrian Botero Rojas,GINKGO BILOBA 80 MG * 60 SOFTGELS,"45,042",10,"4,504"
2026-06-25,Cristhiam Adrian Botero Rojas,LEVOTIROXINA 75 MG * 30 TAB,"22,800",10,"2,280"
2026-06-25,Cristhiam Adrian Botero Rojas,LOXAC 7.5 MG * 10 TAB,"29,000",10,"2,900"
2026-06-25,Cristhiam Adrian Botero Rojas,LUDIKA GEL LUBRICANTE * 50 GR,"22,353",10,"2,235"
2026-06-25,Cristhiam Adrian Botero Rojas,MELATONINA 3 MG * 120 SOFTGELS,"52,800",5,"2,640"
2026-06-25,Cristhiam Adrian Botero Rojas,NITROFURANTOINA 100 MG * 40 CAP,"35,800",10,"3,580"
2026-06-25,Cristhiam Adrian Botero Rojas,SUPER MAGNESIUM 400 MG * 100 SOFTGELS,"67,857",5,"3,393"
2026-06-25,Cristhiam Adrian Botero Rojas,SUREZINC TRANSFER KIDS VAINILLA * 400 GR,"56,500",15,"8,475"
2026-06-26,Jorge Hernando Sanjuan Vega,ACETAMINOFEN 500 MG * 100 TAB,"6,000",24,720
2026-06-26,Jorge Hernando Sanjuan Vega,AGUA FARMANORTE * 600 ML,"20,800",35,"1,040"
2026-06-26,Jorge Hernando Sanjuan Vega,AMPLIEX 500 MG * 100 CAP,"17,000",12,"2,040"
2026-06-26,Jorge Hernando Sanjuan Vega,BINAFAR 200/500MG * 24 TAB,"8,000",12,960
2026-06-26,Jorge Hernando Sanjuan Vega,CLOBENT 0.05 % CREMA * 40 GR,"32,300",10,"3,230"
2026-06-26,Jorge Hernando Sanjuan Vega,DICLOFENACO R 100 MG * 20 CAP,"8,000",8,640
2026-06-26,Jorge Hernando Sanjuan Vega,EREX BEBIDA 20 ML * 20 S/S,"3,200",10,320
2026-06-26,Jorge Hernando Sanjuan Vega,EUGICA COFF HERBAL LOZENGES * 120 TAB,"12,101",20,"1,210"
2026-06-26,Jorge Hernando Sanjuan Vega,GRIPAC 4 * 100 CAP,"10,500",12,"1,260"
2026-06-26,Jorge Hernando Sanjuan Vega,MELOXICAM 15 MG * 10 TAB,"16,200",10,"1,620"
2026-06-26,Jorge Hernando Sanjuan Vega,NAPROXENO 500 MG * 10 TAB,"15,000",10,"1,500"
2026-06-26,Jorge Hernando Sanjuan Vega,NAZIL OFTENO * 15 ML,"22,200",10,"2,220"
2026-06-26,Jorge Hernando Sanjuan Vega,OCHO BABY SHAMPOO MANZANILLA * 230 ML,"13,025",5,651
2026-06-26,Jorge Hernando Sanjuan Vega,OKAP FORTE 250/20MG * 10 CAP,"32,700",20,"3,270"
2026-06-26,Jorge Hernando Sanjuan Vega,POSTDAY * 2 TAB,"19,000",10,"1,900"
2026-06-26,Jorge Hernando Sanjuan Vega,PROCATEC 500 MG * 10 TAB,"18,000",10,"1,800"
2026-06-26,Jorge Hernando Sanjuan Vega,UROVITAL CRANBERRY CAJA * 60 CAP,"7,650",10,765
2026-06-26,Jorge Hernando Sanjuan Vega,VITAMINA C + ZINC NARANJA * 100 TAB,"11,765",20,"1,176"
2026-06-26,Cristhiam Adrian Botero Rojas,AGUA FARMANORTE * 600 ML,"10,400",15,520
2026-06-26,Cristhiam Adrian Botero Rojas,CRONOFEN 500 MG * 100 TB L-TR-CAPS,"4,000",10,400
2026-06-26,Cristhiam Adrian Botero Rojas,DIOSMIT 3 GR * 6 S/S,"30,400",8,"2,432"
2026-06-26,Cristhiam Adrian Botero Rojas,DURAX 10 MG * 1 TAB,"28,200",10,"2,820"
2026-06-26,Cristhiam Adrian Botero Rojas,EREX BEBIDA 20 ML * 20 S/S,"6,400",10,640
2026-06-26,Cristhiam Adrian Botero Rojas,FARMALAX 5 MG * 10 GRAG,"6,300",10,630
2026-06-26,Cristhiam Adrian Botero Rojas,MIELTERTOS PASTILLAS MASTICABLES * 12 S/S,"5,600",20,560
2026-06-26,Cristhiam Adrian Botero Rojas,PROCATEC 500 MG * 10 TAB,"18,000",10,"1,800"
2026-06-27,Jorge Hernando Sanjuan Vega,ACETAMINOFEN 500 MG * 100 TAB,"27,000",12,"3,240"
2026-06-27,Jorge Hernando Sanjuan Vega,ACETAMINOFEN JBE * 90 ML,"9,000",10,900
2026-06-27,Jorge Hernando Sanjuan Vega,AGUA FARMANORTE * 600 ML,"13,000",15,650
2026-06-27,Jorge Hernando Sanjuan Vega,BIOPRONNABIS CANNABIS SATIVA BARRA LABIAL * 5 GR,"14,202",10,"1,420"
2026-06-27,Jorge Hernando Sanjuan Vega,CEFLAXILIN 500 MG * 20 CAP,"31,000",12,"3,720"
2026-06-27,Jorge Hernando Sanjuan Vega,EREX BEBIDA 20 ML * 20 S/S,"6,400",20,640
2026-06-27,Jorge Hernando Sanjuan Vega,GRIPAC 4 * 10 CAP,"43,800",20,"4,380"
2026-06-27,Jorge Hernando Sanjuan Vega,GRIPAC 4 * 100 CAP,"21,000",24,"2,520"
2026-06-27,Jorge Hernando Sanjuan Vega,IBUPROFAR 400 MG * 60 TAB,"6,000",15,900
2026-06-27,Jorge Hernando Sanjuan Vega,IBUPROFENO 800 MG * 50 TAB,"29,900",20,"2,990"
2026-06-27,Jorge Hernando Sanjuan Vega,LEVOTIROXINA 25 MG * 30 TAB,"20,200",10,"2,020"
2026-06-27,Jorge Hernando Sanjuan Vega,MEGA VIT ADVANCE * 2 TAB,"12,000",10,"1,200"
2026-06-27,Jorge Hernando Sanjuan Vega,NAPROXENO 500 MG * 10 TAB,"15,000",10,"1,500"
2026-06-27,Jorge Hernando Sanjuan Vega,NORIFLAM 75MG/3ML * 6 AMP,"19,200",30,"1,920"
2026-06-27,Jorge Hernando Sanjuan Vega,SUREZINC TRANSFER FACTOR PLUS * 30 S/S,"12,000",15,"1,800"
2026-06-27,Jorge Hernando Sanjuan Vega,SUREZINC TRANSFER KIDS VAINILLA * 400 GR,"56,500",15,"8,475"
2026-06-27,Jorge Hernando Sanjuan Vega,TENSOFAR 50 MG * 30 TAB L-CONSUM,"19,300",10,"1,930"
2026-06-27,Cristhiam Adrian Botero Rojas,ACETAMINOFEN CODEINA 325/30MG * 30 TAB,"42,700",10,"4,270"
2026-06-27,Cristhiam Adrian Botero Rojas,EREX BEBIDA 20 ML * 20 S/S,"6,400",10,640
2026-06-27,Cristhiam Adrian Botero Rojas,SUREZINCF TRANSFER VAINILLA * 900 GR,"109,900",15,"16,485"
2026-06-27,Cristhiam Adrian Botero Rojas,SYVIOFTAL * 5ML,"18,500",5,925
2026-06-27,Cristhiam Adrian Botero Rojas,VYASIL 50 MG * 2 TAB,"19,900",10,"1,990"
2026-06-28,Cristhiam Adrian Botero Rojas,ADOREM JBE * 120 ML,"17,700",10,"1,770"
2026-06-28,Cristhiam Adrian Botero Rojas,ARTHILESS 1% GEL TOPICO * 50 GR /D24/,"34,400",12,"4,128"
2026-06-28,Cristhiam Adrian Botero Rojas,ATROMIZIN 500 MG * 3 TAB,"24,900",10,"2,490"
2026-06-28,Cristhiam Adrian Botero Rojas,AVARIN * 10 CAP,"37,000",10,"3,700"
2026-06-28,Cristhiam Adrian Botero Rojas,BINAFAR 200/500MG * 24 TAB,"16,000",12,"1,920"
2026-06-28,Cristhiam Adrian Botero Rojas,BRONCOMIELITO TABLETAS MASTICABLES * 24 S/S,"7,800",10,780
2026-06-28,Cristhiam Adrian Botero Rojas,CEFLAXILIN 500 MG * 20 CAP,"31,000",12,"3,720"
2026-06-28,Cristhiam Adrian Botero Rojas,CICLOFERIN UNGUENTO * 15 GR,"29,900",10,"2,990"
2026-06-28,Cristhiam Adrian Botero Rojas,CRONOFEN 500 MG * 100 TB L-TR-CAPS,"8,000",20,800
2026-06-28,Cristhiam Adrian Botero Rojas,DICLOFENACO R 100 MG * 20 CAP,"8,000",8,640
2026-06-28,Cristhiam Adrian Botero Rojas,DOLORSIN FEM * 40 CAP L-TR-CAPS,"9,200",8,736
2026-06-28,Cristhiam Adrian Botero Rojas,FULLREADY * 60 ML,"35,294",20,"3,529"
2026-06-28,Cristhiam Adrian Botero Rojas,FUNGIMED CREMA * 20 GR,"23,000",10,"2,300"
2026-06-28,Cristhiam Adrian Botero Rojas,GRIPAC 4 * 10 CAP,"21,900",10,"2,190"
2026-06-28,Cristhiam Adrian Botero Rojas,MELOXICAM 15 MG * 10 TAB,"32,400",20,"3,240"
2026-06-28,Cristhiam Adrian Botero Rojas,MIELTERTOS PASTILLAS MASTICABLES * 12 S/S,"2,800",10,280
2026-06-28,Cristhiam Adrian Botero Rojas,NAPROXENO 500 MG * 10 TAB,"15,000",10,"1,500"
2026-06-28,Cristhiam Adrian Botero Rojas,PASEDOL 50 MG * 12 TAB,"4,800",10,480
2026-06-28,Cristhiam Adrian Botero Rojas,PIEL SENSITIVO * 3 PRESERVATIVOS,"10,500",10,"1,050"
2026-06-28,Cristhiam Adrian Botero Rojas,POSTDAY * 2 TAB,"19,000",10,"1,900"
2026-06-28,Cristhiam Adrian Botero Rojas,PRAZED 20 MG * 30 CAP L-CONSUM,"10,500",10,"1,050"
2026-06-28,Cristhiam Adrian Botero Rojas,SUREZINC TRANSFER FACTOR PLUS * 30 S/S,"3,000",15,450
2026-06-28,Cristhiam Adrian Botero Rojas,SYVIOFTAL * 5ML,"18,500",5,925
2026-06-28,Cristhiam Adrian Botero Rojas,VYASIL 50 MG * 2 TAB,"39,800",20,"3,980"
2026-06-28,Cristhiam Adrian Botero Rojas,ZIRIN 10 MG * 50 CAP,"17,000",10,"1,700"
2026-06-28,Esteban Sandoval,CETIRIZINA 10 MG * 10 TAB,"8,000",10,800
2026-06-28,Esteban Sandoval,DICLOFENACO + HIDROXIDO ALUMINIO * 10 CAP,"11,500",5,575
2026-06-28,Esteban Sandoval,EREX BEBIDA 20 ML * 20 S/S,"6,400",10,640
2026-06-28,Esteban Sandoval,ESOMEPRAZOL 20 MG * 14 TAB,"49,000",10,"4,900"
2026-06-28,Esteban Sandoval,FLUIMED * 120 ML,"36,800",10,"3,680"
2026-06-28,Esteban Sandoval,GRIPAC 4 * 10 CAP,"11,000",10,"1,100"
2026-06-28,Esteban Sandoval,OKAP FORTE 250/20MG * 10 CAP,"21,700",10,"2,170"
2026-06-28,Esteban Sandoval,OMEPRAZOL 20 MG * 10 CAP,"4,500",8,360
2026-06-28,Esteban Sandoval,PASEDOL JBE * 60 ML,"23,400",12,"2,808"
2026-06-28,Esteban Sandoval,PRUEBA DE EMBARAZO DB LIFE LAPICERO * 1 UND,"31,000",5,"1,550"
2026-06-28,Esteban Sandoval,TENSOFAR 50 MG * 30 TAB L-CONSUM,"19,300",10,"1,930"
2026-06-28,Esteban Sandoval,VYASIL 50 MG * 2 TAB,"19,900",10,"1,990"
2026-06-29,Cristhiam Adrian Botero Rojas,ACED FULL MENTA * 360 ML,"35,600",12,"4,272"
2026-06-29,Cristhiam Adrian Botero Rojas,AGUA FARMANORTE * 600 ML,"2,600",5,130
2026-06-29,Cristhiam Adrian Botero Rojas,BINAFAR 200/500MG * 24 TAB,"16,000",12,"1,920"
2026-06-29,Cristhiam Adrian Botero Rojas,CRONOFEN 500 MG * 100 TB L-TR-CAPS,"4,000",10,400
2026-06-29,Cristhiam Adrian Botero Rojas,DOLORSIN FEM * 40 CAP L-TR-CAPS,"9,200",8,736
2026-06-29,Cristhiam Adrian Botero Rojas,DORMEX 100 MG * 20 CAP L-CONSUM,"36,000",10,"3,600"
2026-06-29,Cristhiam Adrian Botero Rojas,EREX BEBIDA 20 ML * 20 S/S,"16,000",30,"1,600"
2026-06-29,Cristhiam Adrian Botero Rojas,ESOMEPRAZOL 20 MG * 14 TAB,"49,000",10,"4,900"
2026-06-29,Cristhiam Adrian Botero Rojas,EUGICA COFF HERBAL LOZENGES * 120 TAB,"6,050",10,605
2026-06-29,Cristhiam Adrian Botero Rojas,GRIPAC 4 * 10 CAP,"21,900",10,"2,190"
2026-06-29,Cristhiam Adrian Botero Rojas,HIDROCORTISONA CREMA * 15 GR,"8,100",10,810
2026-06-29,Cristhiam Adrian Botero Rojas,MIELTERTOS ADULTOS * 240 ML,"36,500",10,"3,650"
2026-06-29,Cristhiam Adrian Botero Rojas,PIEL EXCITANTE * 3 PRESERVATIVOS,"10,500",10,"1,050"
2026-06-29,Cristhiam Adrian Botero Rojas,POSTDAY * 2 TAB,"19,000",10,"1,900"
2026-06-29,Cristhiam Adrian Botero Rojas,TRAMADOL GOTAS * 10 ML,"12,200",10,"1,220"
2026-06-29,Cristhiam Adrian Botero Rojas,TRICLIMBAC SOLUCION OTICA * 10 ML,"19,200",12,"2,304"
2026-06-29,Cristhiam Adrian Botero Rojas,TUDERMIFAR 0.05% * 40 GR,"24,000",12,"2,880"
2026-06-29,Esteban Sandoval,AGUA FARMANORTE * 600 ML,"2,600",5,130
2026-06-29,Esteban Sandoval,AMOXICILINA 250 MG * 100 ML,"10,700",10,"1,070"
2026-06-29,Esteban Sandoval,AMOXICILINA 500 MG * 50 CAP,"9,000",10,900
2026-06-29,Esteban Sandoval,AMPLIEX 250 MG * 60 ML,"24,800",12,"2,976"
2026-06-29,Esteban Sandoval,AVARIN * 10 CAP,"37,000",10,"3,700"
2026-06-29,Esteban Sandoval,BACTRODERM SOLUCION * 60 ML,"11,000",10,"1,100"
2026-06-29,Esteban Sandoval,BIOPRONNABIS CANNABIS SATIVA BARRA LABIAL * 5 GR,"14,202",10,"1,420"
2026-06-29,Esteban Sandoval,EUGICA COFF HERBAL LOZENGES * 120 TAB,"6,050",10,605
2026-06-29,Esteban Sandoval,GLICERTOX NF JBE * 125 ML,"38,100",12,"4,572"
2026-06-29,Esteban Sandoval,GRIPAC 4 * 10 CAP,"11,000",10,"1,100"
2026-06-29,Esteban Sandoval,OMEPRAZOL 20 MG * 10 CAP,"4,500",8,360
2026-06-29,Esteban Sandoval,PIEL SENSITIVO * 3 PRESERVATIVOS,"10,500",10,"1,050"
2026-06-29,Esteban Sandoval,PRAZED 20 MG * 30 CAP L-CONSUM,"10,500",10,"1,050"
2026-06-29,Esteban Sandoval,VITAMINA C + ZINC NARANJA * 100 TAB,"5,882",10,588
2026-06-29,Esteban Sandoval,ZERIDIL JBE * 60 ML,"18,600",12,"2,232"
